id,number,x,y,z,conn_a,conn_f_30,conn_f_37,conn_f_60,conn_e,conn_c,bag_b_l,box,conn_g,conn_h,conn_k,conn_d,bag_b_r,bag_a_r,conn_b,conn_i,conn_j,bag_a_l
0,104,20.0,-50.0,-9.0,0.9705378964828291,0.0,0.0036223897767013445,0.0,0.002414926517800896,0.0,0.001730697337757309,0.003058906922547802,0.0026966679448776677,0.001529453461273901,0.0,0.001529453461273901,0.003139404473141165,0.0,0.00225393141661417,0.0036223897767013445,0.0012477120341971297,0.002616170394284304
1,30,10.0,-86.2,2.75,0.0003303852386044437,0.9013800062765736,0.0,0.0008259630965111092,0.013050216924875527,0.009581171919528867,0.0,0.011067905493248863,0.011728675970457752,0.006772897391391096,0.002147504050928884,0.0074336678685999824,0.0074336678685999824,0.0158584914530133,0.0014867335737199967,0.005781741675577765,0.005120971198368877,0.0
2,37,16.29,-115.64,-9.84,0.000938655927546016,0.005819666750785298,0.9032245738700058,0.0031914301536564538,0.00037546237101840634,0.00535033878701229,0.008541768940668744,0.009292693682705558,0.008447903347914143,0.003942354895693266,0.0016895806695828286,0.005631935565276095,0.0034730269319202586,0.009011096904441752,0.007790844198631932,0.007790844198631932,0.006852188271085916,0.008635634533423347
3,60,-24.56,-121.91,-14.01,0.0,0.046438857338437674,0.015479619112812558,0.820878693123169,0.0,0.0,0.0,0.0,0.02543080282819206,0.0,0.04478032671920776,0.0,0.0,0.03206492530511173,0.0,0.0,0.0,0.014926775573069252
4,10,-5.14,-85.79,-12.57,0.0,0.0018150760143393293,0.0022542073081311025,0.0,0.9874993958367275,0.0005269575525501278,0.0,0.0028982665390257034,0.0027518894410951122,0.0,0.0,0.0,0.0,0.0,0.0,0.0,0.0022542073081311025,0.0
5,14,-4.03,-88.56,-9.82,0.001267087917357896,0.002482457960537919,0.0,0.0,0.0,0.9898891555982258,0.0008016270497570365,0.0002327304338004299,0.0,0.0019911381558481225,0.0,0.0,0.00012929468544468328,0.0007240502384902263,0.0,0.0,0.002482457960537919,0.0
6,55,-20.26,-122.09,-12.18,0.006949923082313831,0.003018653459994897,0.002176238540926553,0.00652871562277966,0.00491408702789867,0.0008424149190683432,0.943558200422421,0.006809520595802442,0.0027378484869721156,0.005967105676734099,0.0009828174055797338,0.001053018648835429,0.007020124325569527,0.002176238540926553,0.0009828174055797338,0.002878250973483506,0.0011934211353468198,0.0002106037297670858
7,53,-13.74,-68.0,-0.04,0.0,0.02962813587321903,0.0,0.0,0.0,0.016876786256896915,0.0,0.859360114525859,0.0,0.0,0.0,0.023627500759655685,0.0,0.03562877098678238,0.0,0.0,0.0,0.03487869159758696
8,80,-25.29,-111.77,-4.62,0.013134543470933815,0.009413089487502566,0.0026269086941867626,0.004597090214826835,0.017074906512213956,0.0013134543470933813,0.014229088760178296,0.0,0.8511418406627501,0.020796360495645205,0.0,0.006129453619769113,0.017074906512213956,0.0008756362313955875,0.01488581593372499,0.0032836358677334537,0.00919418042965367,0.014229088760178296
9,82,-20.72,-114.36,-0.37,0.0,0.037493264855787634,0.0,0.0,0.0,0.0,0.0,0.008449186446374678,0.0,0.907587023242777,0.0,0.04647052545506073,0.0,0.0,0.0,0.0,0.0,0.0
10,45,-0.89,-103.98,-9.26,0.0,0.0,0.0,0.0,0.0,0.009616464702218485,0.03397817528117199,0.020515124698066104,0.0,0.0,0.9358902353185434,0.0,0.0,0.0,0.0,0.0,0.0,0.0
11,38,13.98,-130.02,-12.81,0.0,0.0,0.019609213285120435,0.0,0.0,0.0,0.0,0.0,0.0,0.018052926516460083,0.0,0.9309008674714804,0.0,0.019920470638852505,0.0,0.011516522088086604,0.0,0.0
12,224,14.82,-104.54,-5.57,0.030090662546086017,0.0,0.0,0.0,0.0186769629596396,0.0,0.0,0.009684351164257568,0.012451308639759733,0.003458696844377703,0.0,0.018331093275201826,0.8364036392609346,0.0,0.01037609053313311,0.005188045266566555,0.02075218106626622,0.03458696844377703
13,236,10.05,-149.99,-2.03,0.0,0.0,0.016020254434797026,0.0,0.0,0.0,0.04240655585681565,0.01649143838876164,0.0,0.030155773053735575,0.01649143838876164,0.0014135518618938552,0.03392524468545252,0.8275466728489497,0.0,0.0,0.0023559197698230917,0.013193150711009315
14,222,20.42,-86.92,1.1,0.0,0.0,0.0,0.0,0.0,0.0,0.06383885591590621,0.0,0.0,0.0,0.0,0.0,0.0,0.0,0.9361611440840938,0.0,0.0,0.0
15,212,18.44,-73.14,3.4,0.0015842335652056505,0.0,0.01765288829800582,0.0,0.01244754944090154,0.013352825763876197,0.0,0.01606865473280017,0.0,0.012900187602388868,0.0,0.011089634956439554,0.0,0.009279082310490239,0.01244754944090154,0.866471742361238,0.011315954037183218,0.015389697490569176
16,214,22.4,-74.37,1.67,0.005795966216022379,0.007685955199507938,0.005417968419325268,0.003023982373576894,0.010457939041953423,0.010835936838650535,0.002519985311314078,0.0020159882490512625,0.009449944917427794,0.0016379904523541506,0.0,0.0,0.004409974294799637,0.009449944917427794,0.008945947855164976,0.006299963278285195,0.901720572858751,0.01033193977638772
17,98,-24.79,-223.14,-1.19,0.0,0.0,0.0,0.0,0.0,0.0,0.0,0.0,0.0,0.0,0.0,0.0,0.0,0.0,0.0,0.0154428964339255,0.022681754137328078,0.9618753494287464
18,104,20.0,-50.0,-9.0,0.9504696791406324,0.002270731042263271,0.005392986225375269,0.0017740086267681802,0.004044739669031451,0.004044739669031451,0.0041157000141021785,0.004044739669031451,0.005109144845092359,0.0011353655211316354,0.0006386431056365449,0.0,0.0,0.006244510366223995,0.00014192069014145442,0.0031932155281827242,0.004257620704243632,0.0031222551831119973
19,30,11.94,-87.07,-0.16,0.006655360488841514,0.9196713466579362,0.007274463790129097,0.004256335196352131,0.0038693956330473917,0.007661403353433835,0.00464327475965687,0.007738791266094783,0.0034824560697426523,0.002399025292489383,0.007584015440772887,0.006191033012875826,0.0019346978165236959,0.0006964912139485304,0.0019346978165236959,0.007197075877468148,0.0068101363141634084,0.0
20,37,16.82,-112.83,-7.97,0.0073998467914088,0.004174272548999836,0.8142448715695073,0.009866462388545065,0.013281776292272205,0.014420214260181252,0.009297243404590544,0.016697090195999343,0.011763859001726811,0.009107503743272368,0.01745604884127204,0.017266309179953865,0.008917764081954195,0.002276875935818092,0.0024666155971362663,0.010245941711181416,0.01745604884127204,0.013661255614908554
21,60,-24.75,-117.46,-19.7,0.0,0.0,0.0,0.8950867370644526,0.0,0.0,0.0,0.008235512107568566,0.0,0.0,0.0007161314876146578,0.018619418677981104,0.0,0.0,0.02327427334747638,0.0,0.029719456736008298,0.024348470578898367
22,10,-5.17,-86.88,-11.93,0.0066829638577169115,0.002970206158985294,0.0008486303311386554,0.008698460894171218,0.9282907370187836,0.005091781986831932,0.001379024288100315,0.0062586486921475835,0.0010607879139233193,0.0021215758278466386,0.0,0.007319436606070902,0.006152569900755251,0.0062586486921475835,0.0,0.00604649110936292,0.006576885066324579,0.004243151655693277
23,14,-0.87,-90.23,-8.95,0.0,0.0,0.0,0.0,0.0,0.8774936832441429,0.041471009952371865,0.0042901044778315715,0.027647339968247905,0.0,0.0,0.027170661692933286,0.0,0.019067131012584764,0.0028600696518877146,0.0,0.0,0.0
24,55,-17.91,-122.93,-9.47,0.0,0.0,0.0,0.0,0.05282882668260379,0.0,0.8687533837104062,0.0,0.014032657087566631,0.0,0.0,0.06438513251942336,0.0,0.0,0.0,0.0,0.0,0.0
25,53,-14.27,-70.76,-0.13,0.004712796117189142,0.0,0.005253608786374781,0.004326501353485114,0.0,0.006412493077486866,0.0,0.9397380168621716,0.004481019258966726,0.0,0.005176349833633976,0.0,0.006180716219264449,0.006876046793931699,0.005485385644597198,0.0,0.005099090880893171,0.006257975172005255
26,80,-27.26,-112.39,-6.47,0.023307289235219537,0.0,0.0204991820984461,0.028081071367734384,0.0,0.0,0.0249921535172836,0.008424321410320314,0.812980064690889,0.008424321410320314,0.00730107855561094,0.012636482115480473,0.0,0.0,0.02555377494463829,0.02780026065405704,0.0,0.0
27,82,-18.24,-118.88,-0.54,0.0023816236155989323,0.01243736777034998,0.01825911438625848,0.008203370231507435,0.010055744154751047,0.008467995077685093,0.006615621154441478,0.0,0.006880246000619138,0.8409604674472269,0.0,0.025403985233055277,0.013495867155060615,0.001852373923243614,0.008203370231507435,0.0052924969235531825,0.010849618693284024,0.020640738001857412
28,45,-1.15,-104.08,-14.42,0.005265217122233301,0.0013735349014521656,0.0010301511760891242,0.008241209408712993,0.0011446124178768047,0.0033193760118427336,0.0,0.011446124178768047,0.002975992286479692,0.0010301511760891242,0.9207928206829251,0.006066445814747065,0.006753213265473147,0.00743998071619923,0.004578449671507219,0.006638752023685467,0.009156899343014438,0.002747069802904331
29,38,12.39,-129.55,-9.19,0.018605811379204116,0.0,0.0025761892678898006,0.017460838371253094,0.01631586536330207,0.0,0.023185703411008205,0.0,0.0011449730079510225,0.0,0.02289946015902045,0.8417074816507711,0.013453432843424514,0.0025761892678898006,0.0,0.00457989203180409,0.026334379182873516,0.00915978406360818
30,224,15.99,-103.48,-5.05,0.0,0.0,0.0,0.008542999706660687,0.0,0.03911794602523578,0.013938578468762173,0.016636367849812917,0.0,0.002248157817542286,0.007643736579643773,0.010341525960694516,0.84262895277204,0.0,0.00989189439718606,0.007194105016135315,0.0,0.041815735406286525
31,236,14.87,-145.46,-0.93,0.0013576861779075744,0.007746797603354984,0.005750200282902668,0.0,0.0013576861779075744,0.0,0.0,0.007666933710536891,0.005350880818812205,0.001038230606635204,0.002875100141451334,0.007587069817718799,0.0,0.9461717362406056,0.0006389111425447409,0.0039133307480865385,0.005989791961356946,0.0025556445701789637
32,222,19.95,-84.66,-1.36,0.010096262641127335,0.0006156257708004472,0.000861876079120626,0.007141258941285188,0.007141258941285188,0.006033132553844382,0.008988136253686529,0.006156257708004472,0.0025856282373618784,0.0,0.004678755858083398,0.003570629470642594,0.009603762024486975,0.0038168797789627728,0.9144280178587378,0.011450639336888318,0.001970002466561431,0.000861876079120626
33,212,16.52,-75.42,3.31,0.015071118898792158,0.007147128549942672,0.00046611707934408734,0.0059041496716917725,0.008390107428193572,0.0018644683173763494,0.01211904406294627,0.0003107447195627249,0.012274416422727634,0.011186809904258096,0.002796702476064524,0.010720692824914009,0.006214894391254498,0.005438032592347685,0.0069917561901613095,0.8660690258684656,0.01258516114229036,0.014449629459666708
34,214,19.96,-72.04,1.77,0.0,0.0,0.001607969791694307,0.0018637831676456738,0.0,0.0021926860795831457,0.0,0.00014617907197220974,0.001900327935638726,0.0,0.0,0.0,3.6544767993052434e-05,0.0003654476799305243,0.0028504919034580897,0.0,0.9864053463065845,0.002631223295499775
35,98,-25.9,-224.71,-0.15,0.0,0.0,0.0,0.0,0.0,0.0,0.0,0.0,0.15103989707528642,0.0,0.0,0.0,0.0,0.0,0.0,0.0,0.0,0.8489601029247136
36,104,20.0,-50.0,-9.0,0.8717543841794965,0.0,0.0,0.0,0.0,0.02699907701484285,0.0,0.0,0.023249205207225787,0.0,0.01874935903808531,0.0,0.044248487329881334,0.0,0.0,0.0,0.0,0.01499948723046825
37,30,9.2,-87.47,-2.26,0.001239073786900125,0.8957407913594038,0.015045895983787232,0.003363200278728911,0.001239073786900125,0.008496505967315144,0.003894231901686107,0.0,0.007080421639429286,0.003186189737743179,0.006549390016472089,0.015399917065758698,0.005133305688586233,0.002124126491828786,0.0,0.0,0.016107959229701624,0.015399917065758698
38,37,17.23,-115.54,-9.37,0.005102196912614691,0.008367602936688093,0.8882618876137383,0.004898109036110104,0.006224680233389924,0.002449054518055052,0.00908191050445415,0.007857383245426624,0.0063267241716422175,0.009694174133967913,0.009490086257463327,0.0019388348267935828,0.003571537838830284,0.00959213019571562,0.008469646874940388,0.007143075677660568,0.0030613181475688147,0.008469646874940388
39,60,-24.71,-120.46,-15.2,0.0,0.0036219367579462844,0.0,0.9380059196779427,0.0,0.0028638569713993873,0.007075411341104369,0.008170415477227666,0.007328104603286668,0.007328104603286668,0.005980407204981074,0.0,0.0022742393596406904,0.0021900082722465905,0.0031165502335816866,0.0004211554369704982,0.0035377056705521845,0.008086184389833564
40,10,-5.03,-87.08,-11.72,0.0,0.0,0.0,0.0,0.943126033689839,0.0,0.0,0.032781522248217766,0.0,0.01737815637254918,0.0,0.0,0.0,0.0,0.0,0.0,0.006714287689394001,0.0
41,14,-1.57,-84.05,-8.64,0.0,0.0,0.004251973110621291,0.01913387899779581,0.016063009529013766,0.8530707069551976,0.00047244145673569905,0.0009448829134713981,0.01582678880064592,0.0007086621851035486,0.005196856024092689,0.008267725492874732,0.020787424096370757,0.011811036418392476,0.0,0.012992140060231723,0.007559063307771185,0.022913410651681402
42,55,-20.65,-121.73,-7.15,0.0,0.0,0.0,0.0030705852655558852,0.0,0.011941164921606219,0.8751295325340607,0.0,0.0,0.02934114809308957,0.03070585265555885,0.006823522812346411,0.0,0.0,0.021494096858891195,0.0,0.0,0.021494096858891195
43,53,-15.13,-69.42,0.68,0.0,0.0,0.0,0.0642123159511379,0.0,0.0,0.0,0.8735820029711973,0.0,0.0,0.0,0.06220568107766484,0.0,0.0,0.0,0.0,0.0,0.0
44,80,-24.0,-116.13,-9.13,0.005075846250050243,0.002871860378317901,0.0012689615625125607,0.0030054352796350125,0.0,0.005476570954001578,0.000400724703951335,0.006678745065855583,0.9378208834368845,0.002337560773049454,0.0063448078125628036,0.0016696862664638957,0.00641159526322136,0.003940459588854794,0.00641159526322136,0.005476570954001578,0.0032725850822692354,0.001536111365146784
45,82,-20.19,-116.86,-1.49,0.008151524670971851,0.004234558270634728,0.004446286184166465,0.006563565319483828,0.005081469924761673,0.009739484022459876,0.001587959351488023,0.0029641907894443096,0.00645770136271796,0.9071573099163336,0.0016938233082538913,0.0025407349623808367,0.0038111024435712555,0.0012703674811904184,0.007304613016844905,0.009845347979225743,0.009845347979225743,0.007304613016844905
46,45,0.58,-103.45,-9.49,0.0,0.0,0.0,0.0,0.0,0.0,0.0,0.0,0.0,0.02750995506625903,0.9044793226866006,0.0,0.0,0.06801072224714039,0.0,0.0,0.0,0.0
47,38,10.11,-131.38,-7.35,0.0,0.0,0.0,0.0,0.0,0.0,0.0,0.0,0.0,0.0,0.0,0.9193102781638541,0.0,0.0,0.0,0.08068972183614587,0.0,0.0
48,224,17.14,-105.62,-5.39,0.0,0.0,0.0,0.02250982145858297,0.019242266730724152,0.0,0.0,0.0,0.0,0.0003630616364287576,0.03194942400573067,0.0,0.8453357428813493,0.03013411582358688,0.009802664183576455,0.03013411582358688,0.01052878745643397,0.0
49,236,13.58,-151.66,1.12,0.0030872351382755735,0.0,0.00289428294213335,0.0,0.01215598835696007,0.0,0.0050167570996978075,0.0,0.0,0.008875801022542274,0.0,0.016015032279804536,0.0,0.9232050259353951,0.0021224741575644568,0.015436175691377868,0.0,0.011191227376248954
50,222,21.38,-85.38,-0.45,0.005516170317879302,0.0,0.0013436825133295734,0.0029702455557811627,0.0066476924343673634,0.006152651508403837,0.0,0.002758085158939651,0.0,0.002333764365256628,0.004172487804549729,0.0045968085982327515,0.0037481670108667053,0.0,0.9500715866099643,0.007001293095769883,0.0,0.002687365026659147
51,212,15.74,-75.07,2.72,0.0,0.02699261129826838,0.0,0.06214577950066442,0.0,0.0,0.0,0.0,0.03766410878828146,0.0,0.0,0.0,0.05900710376830762,0.0,0.0,0.8141903966444781,0.0,0.0
52,214,18.99,-71.6,4.1,0.01231796663632594,0.0,0.0,0.007612226573010411,0.0,0.004290527704787687,0.00027680823901856045,0.0,0.011349137799760978,0.0,0.01356360371190946,0.0,0.002906486509694884,0.01300998723387234,0.0,0.013425199592400182,0.9211096518797103,0.00013840411950928022
53,98,-23.57,-224.78,0.09,0.0,0.0,0.0,0.0,0.0,0.0,0.0,0.0,0.0,0.0,0.0,0.0,0.0,0.0,0.0,0.0,0.0,0.9775546628511985
54,104,20.0,-50.0,-9.0,0.8561436892565492,0.0,0.0,0.0,0.0,0.0,0.0,0.0,0.0,0.0,0.06814246298373987,0.0,0.0,0.0,0.07571384775971096,0.0,0.0,0.0
55,30,11.06,-86.73,-0.72,0.0,0.8806723655494696,0.1193276344505304,0.0,0.0,0.0,0.0,0.0,0.0,0.0,0.0,0.0,0.0,0.0,0.0,0.0,0.0,0.0
56,37,16.71,-113.49,-7.4,0.05376039711372306,0.0,0.827198723563033,0.0,0.0,0.0,0.02368017491913992,0.0,0.0,0.0,0.026240193829317207,0.0,0.00896006618562051,0.035200260014937715,0.02496018437422856,0.0,0.0,0.0
57,60,-23.8,-119.79,-15.95,0.0032797998743347117,0.003210016898285037,0.00017445744012418678,0.9608168589481076,0.003349582850384387,0.0029308849940863383,0.0032797998743347117,0.0007676127365464219,0.0019888148174157295,0.0027215360659373143,0.0009071786886457714,0.003349582850384387,0.0007327212485215846,0.002895993506061501,0.0031053424342105253,0.0025819701138379645,0.002407512673713778,0.0015003339850680065
58,10,-7.09,-87.84,-9.23,0.0,0.005852508892446806,0.0,0.0,0.9654169929082689,0.0,0.0,0.0,0.009044786470145063,0.0,0.0,0.0,0.0,0.0,0.011838029350631038,0.007847682378508216,0.0,0.0
59,14,-2.79,-86.75,-11.91,0.0,0.0,0.0,0.005667337522258871,0.0,0.9607064598456718,0.0,0.0,0.0,0.0,0.0,0.0,0.0,0.010956852543033819,0.01926894757568016,0.0,0.0,0.003400402513355323
60,55,-21.14,-120.64,-12.78,0.0037990597403151343,0.00443223636370099,0.01487965064956761,0.004115648052008062,0.009339355194941373,0.0037990597403151343,0.8523115525952492,0.0055402954546262375,0.015037944805414073,0.015196238961260537,0.0025327064935434227,0.008231296104016125,0.011397179220945403,0.015037944805414073,0.009022766883248445,0.005856883766319165,0.0047488246753939175,0.014721356493721145
61,53,-16.45,-72.39,-1.46,0.0232513486897138,0.0,0.0,0.0033585281440697717,0.016792640720348858,0.0,0.012142370982406097,0.8067554575566008,0.014984202488926674,0.024284741964812194,0.0,0.022734652052164607,0.020667865501967825,0.0240263936460376,0.012917415938729892,0.017050989039123457,0.0010333932750983912,0.0
62,80,-24.56,-115.4,-10.3,0.0,0.0,0.0,0.0,0.03419030865649715,0.015241462895064997,0.0,0.0,0.8100996109560821,0.0329545143677081,0.0,0.030482925790129994,0.0,0.0,0.0,0.0337783772269008,0.01977270862062486,0.02348009148699202
63,82,-19.49,-111.51,-1.07,0.0,0.0,0.0,0.0,0.0,0.0,0.0,0.016900616392473422,0.0,0.9830993836075266,0.0,0.0,0.0,0.0,0.0,0.0,0.0,0.0
64,45,-0.63,-103.24,-12.7,0.007115828307152402,0.0002685218229114114,0.007384350130063813,0.0075186110415195176,0.013023308411203452,0.0020139136718355854,0.007652871952975224,0.0,0.0013426091145570568,0.00899548106753228,0.8868180516428401,0.00899548106753228,0.01087513382791216,0.012352003853924922,0.0,0.011277916562279278,0.005101914635316816,0.009264002890443691
65,38,13.65,-131.22,-7.16,0.0,0.0,0.0023800659080470002,0.0,0.0,0.02591627322095622,0.0,0.0,0.026445176756077774,0.0,0.012164781307795778,0.9330937028071232,0.0,0.0,0.0,0.0,0.0,0.0
66,224,14.47,-108.77,-7.16,0.0,0.021779755951639584,0.0,0.0,0.0,0.021779755951639584,0.005628476257165286,0.0,0.0,0.023248054105682703,0.01810901056653179,0.0,0.8663848679820763,0.02129032323362521,0.0,0.0,0.0,0.021779755951639584
67,236,12.65,-150.34,0.56,0.0,0.0,0.0,0.0,0.0,0.0018001418495792233,0.0,0.010560832184198109,0.0,0.0,0.0,0.0,0.011040870010752568,0.9710777209500938,0.0,0.0,0.005520435005376284,0.0
68,222,20.28,-89.05,-1.72,0.0,0.0,0.0,0.0,0.0,0.0,0.0,0.0,0.0,0.1398366227053416,0.0,0.0,0.0,0.0,0.8398972000909857,0.0202661772036727,0.0,0.0
69,212,13.21,-74.96,5.7,0.01589586276601381,0.0034556223404377854,0.00915739920216013,0.016759768351123257,0.0,0.0,0.0,0.012440240425576028,0.0,0.008293493617050684,0.0,0.0,0.013476927127707362,0.0,0.0,0.9044520422868952,0.0,0.0160686438830357
70,214,21.62,-71.1,1.93,0.0,0.0,0.0,0.006020617632817104,0.0,0.013156164456896635,0.0,0.014717065324664031,0.0,0.0,0.006466589309322074,0.0,0.0,0.0037907592502922503,0.00668957514757456,0.012710192780391665,0.9286445317592047,0.0078045043388369865
71,98,-21.94,-227.77,2.08,0.00233809681896672,0.018185197480852268,0.0,0.0,0.0,0.0,0.021562448441581974,0.0,0.0,0.0,0.0,0.022341814047904213,0.0,0.004416405102492693,0.0,0.0,0.0,0.9311560381082021
72,104,20.0,-50.0,-9.0,0.9124182465895094,0.009332481920789979,0.0,0.014357664493523043,0.015793430942875348,0.018425669433354573,0.0,0.013879075677072278,0.0,0.0,0.0,0.009093187512564596,0.0,0.00047858881645076816,0.0062216546138599855,0.0,0.0,0.0
73,30,11.74,-85.89,-0.14,0.0,0.8855787643565142,0.0,0.0,0.003217468840590111,0.00402183605073764,0.0,0.01850044583339314,0.01950590484607755,0.016489527808024318,0.0006032754076106459,0.017293895018171846,0.0,0.0,0.011261140942065389,0.018902629438466902,0.004625111458348285,0.0
74,37,15.03,-114.93,-8.16,0.0,0.0,0.9572264163940023,0.0,0.006714457891639174,0.02312757718231271,0.0,0.0,0.0,0.0,0.0,0.0,0.0,0.0,0.0,0.0,0.012931548532045816,0.0
75,60,-24.15,-120.09,-16.88,0.0,0.007707714505935869,0.01670004809619438,0.8586919007245091,0.014130809927549094,0.0,0.007065404963774547,0.0,0.0,0.0,0.0,0.0,0.0,0.0064230954216132246,0.03661164390319538,0.01926928626483967,0.03340009619238876,0.0
76,10,-5.9,-84.46,-9.35,0.007093552692922782,0.00538426288739922,0.008375520047065453,0.0005982514319332467,0.9291499375610484,0.002393005727732987,0.007349946163751317,0.007008088202646604,0.0029912571596662336,0.00017092898055235618,0.005555191867951576,0.0,0.005555191867951576,0.002563934708285343,0.00495694043601833,0.004273224513808905,0.006067978809608645,0.0005127869416570686
77,14,-3.98,-85.49,-11.72,0.0087560115402801,0.006368008392930981,0.0,0.023614697790452385,0.0,0.8906825225880182,0.0,0.013797351518017125,0.0,0.0,0.0037146715625430717,0.014062685201055915,0.0021226694643103265,0.0,0.014593352567133497,0.022288029375258433,0.0,0.0
78,55,-16.58,-121.12,-9.76,0.0,0.05475389958652412,0.0,0.06095245425669667,0.0,0.0,0.8295397465702551,0.0,0.0,0.0,0.0,0.05475389958652412,0.0,0.0,0.0,0.0,0.0,0.0
79,53,-15.73,-72.49,1.75,0.0,0.0,0.009104304223436215,0.008516929757408071,0.0,0.010425896771999536,0.006754806359323642,0.9286340023775806,0.0,0.009691678689464356,0.0,0.01468436165070357,0.0,0.0,0.0,0.010719584005013607,0.001468436165070357,0.0
80,80,-23.48,-113.64,-10.52,0.0,0.02216713471068275,0.0,0.0,0.0075142829527738144,0.0,0.0,0.0,0.8940486103658892,0.01653142249610239,0.006011426362219051,0.027427132777624416,0.0,0.0,0.0,0.01690713664374108,0.009392853690967267,0.0
81,82,-20.52,-113.97,-0.84,0.0,0.0,0.0,0.0020932873581514396,0.0,0.0,0.01695562760102666,0.005233218395378599,0.0,0.9076860275055215,0.0073265057535300375,0.019048914959178098,0.0075358344893451815,0.0,0.01758361380847209,0.0,0.0,0.016536970129396374
82,45,0.33,-102.2,-14.24,0.0,0.02446537405845362,0.0,0.0,0.0,0.03199318146105473,0.0,0.012420882214291839,0.012420882214291839,0.0,0.8355174082531657,0.0,0.03425152368183507,0.0,0.01919590887663284,0.00526946518182078,0.02446537405845362,0.0
83,38,13.28,-129.25,-8.85,0.0,0.014350915159257266,0.002422881780134344,0.00987790264208617,0.01751929902558679,0.0,0.006150392211110257,0.013046286508415696,0.0029820083447807304,0.0,0.0063367677326590524,0.8864973073767834,0.0037275104309759132,0.005964016689561461,0.0063367677326590524,0.008014147426598213,0.012673535465318105,0.004100261474073504
84,224,15.22,-104.07,-3.69,0.0,0.0,0.058347740176353594,0.029173870088176797,0.0,0.0235635104558351,0.0,0.0,0.0,0.0022441438529366767,0.0,0.0,0.8866707354266978,0.0,0.0,0.0,0.0,0.0
85,236,15.22,-151.22,0.25,0.003091289382767324,0.014374495629868056,0.007419094518641578,0.005564320888981183,0.014529060099006423,0.0,0.010664948370547269,0.0,0.008037352395195043,0.014838189037283156,0.004791498543289352,0.006955401111226479,0.00448236960501262,0.8884044532820996,0.004327805135874253,0.006182578765534648,0.00448236960501262,0.0018547736296603945
86,222,19.77,-86.02,0.25,0.0,0.0,0.0,0.0,0.0,0.0,0.0,0.0,0.0,0.0,0.0,0.0,0.0,0.0,0.9099897783558589,0.0,0.09001022164414108,0.0
87,212,14.98,-74.22,3.36,0.0,0.0,0.0,0.0,0.0,0.0,0.0,0.0,0.0,0.0,0.0,0.0,0.0,0.0,0.0,0.9858248151978404,0.0,0.0
88,214,24.02,-72.17,2.75,0.0,0.0,0.0,0.000419018021167514,0.0,0.0,0.002304599116421327,0.0,0.0,0.0,0.015713175793781772,0.0,0.011522995582106635,0.0,0.0,0.0,0.9700402114865228,0.0
89,98,-23.01,-226.16,-1.63,0.014748680159442097,0.0,0.02493229265048545,0.012641725850950369,0.0,0.020718384033501992,0.0,0.0,0.0,0.022123020239163144,0.0,0.0,0.0,0.0,0.0,0.0,0.0,0.904835897066457
90,104,20.0,-50.0,-9.0,0.8782291932968861,0.0,0.015883148700406163,0.0,0.04941424040126362,0.0,0.02058926683385984,0.0,0.012941824866997614,0.0,0.0,0.0,0.005882647666817097,0.017059678233769582,0.0,0.0,0.0,0.0
91,30,12.12,-88.82,2.91,0.0,0.8402488570650457,0.027543300506026606,0.0,0.0,0.0,0.0,0.0,0.00413149507590399,0.03993778573373857,0.0,0.0,0.0,0.0,0.0,0.0,0.0433806982969919,0.04475786332229322
92,37,14.65,-115.07,-9.23,0.006113057062788225,0.0042791399439517566,0.9087931886231997,0.008313757605391986,0.008069235322880456,0.010514458147995745,0.0,0.005501751356509402,0.0028120062488825835,0.006724362769067046,0.0092918467354381,0.0036678342376729347,0.0017116559775807029,0.001956178260092232,0.006113057062788225,0.0008558279887903514,0.010758980430507275,0.004523662226463286
93,60,-23.24,-119.33,-13.18,0.0012419537369122847,0.0006144402698408146,0.0013073197230655629,0.9882471956896406,0.000745172242147371,0.0003660495224583576,0.000352976325227702,0.0008628310172232715,0.0002614639446131126,0.0003660495224583576,0.00031375673353573513,0.00031375673353573513,0.0004967814947649139,0.001202734145220318,0.0006928794532247483,0.00024839074738245695,0.0012288805396816291,0.0011373681590670396
94,10,-5.41,-86.71,-12.44,0.0036764423771039286,0.007132298211581622,0.0033087981393935357,0.0040440866148143215,0.9346328545350922,0.0026470385115148288,0.006102894345992521,0.0036764423771039286,0.0004411730852524714,0.002720567359056907,0.0059558366509083645,0.00463231739515095,0.00257350966397275,0.0005147019327945499,0.0034558558344776925,0.007279355906665779,0.0051470193279455,0.0020588077311781998
95,14,-4.37,-84.71,-13.87,0.00020511466771825962,0.0014730962499765919,0.0,0.001640917341746077,0.0016968577056692387,0.9898934409178821,0.0,0.001491743037950979,3.7293575948774476e-05,0.00041022933543651924,0.0,0.001267981582258332,0.0018273852214899492,5.594036392316171e-05,0.0,0.0,0.0,0.0
96,55,-23.22,-119.78,-13.47,0.0,0.0,0.0,0.0,0.0,0.0,0.8684472322110373,0.0,0.0,0.0,0.0,0.0,0.0,0.0,0.0,0.0,0.0,0.13155276778896274
97,53,-14.98,-69.92,0.11,0.0,0.0,0.0,0.0,0.0,0.0,0.0,0.8467722277467534,0.0,0.0,0.0,0.037212458975788454,0.030645554450649315,0.03940142715083483,0.04596833167597397,0.0,0.0,0.0
98,80,-25.19,-113.95,-8.81,0.0019432527046908002,0.001526841410828486,0.001427695864670792,0.0012095756631238653,0.0007535061507984736,0.0012294047723554042,0.0,0.0004362404030938531,0.9855842375886713,0.0,0.0,0.0007535061507984736,0.0015466705200600248,0.0,0.0010311136800400164,0.0,0.0014673540831338697,0.0010906010077346329
99,82,-19.36,-113.16,-3.27,0.0035197887278238227,0.001231926054738338,0.004047757036997396,0.0014959102093251248,0.0,0.0029918204186502495,0.0072155668920388365,0.0023758573912810803,0.0021998679548898893,0.9341799507896945,0.008623482383168365,0.0072155668920388365,0.0013199207729339337,0.002903825700454654,0.0010559366183471469,0.004927704218953352,0.006511609146474072,0.008183508792190389
100,45,-1.36,-105.35,-7.64,0.0,0.021305886888115105,0.005592795308130214,0.005859118894231653,0.019175298199303595,0.0015979415166086327,0.0178436802687964,0.0021305886888115105,0.0,0.020773239715912228,0.8157040784178043,0.024501769921332368,0.012783532132869061,0.01757735668269496,0.0,0.01571309157998489,0.00905500192744892,0.010386619857956114
101,38,9.99,-128.24,-5.69,0.003167960504507856,0.0019127308706462529,0.0,0.0,0.0,0.004184098779538678,0.0,0.0,0.0,0.0,0.0,0.983323377721553,0.0,0.002390913588307816,0.0,0.005020918535446414,0.0,0.0
102,224,17.62,-107.1,-4.04,0.001532752655459948,0.006292353006625049,0.00024201357717788653,0.0028234917337420094,0.0031461765033125246,0.0018554374250304634,0.00621168181423242,0.003710874850060927,0.0037915460424535557,0.003549532465275669,0.00693772254576608,0.003065505310919896,0.9373184835109274,0.007179736122943967,0.0013714102706746901,0.005646983467484019,0.0023394645793862363,0.002984834118527267
103,236,11.92,-149.91,-0.06,0.0009019772351592513,0.015559107306497084,0.00947076096917214,0.010147243895541577,0.019392510555923902,0.013755152836178583,0.007441312190063823,0.0,0.016010095924076713,0.009696255277961951,0.01510811868891746,0.007441312190063823,0.016912073159235964,0.8058494001319711,0.01826503901197484,0.021421959335032218,0.001352965852738877,0.011274715439490641
104,222,20.5,-84.72,4.5,0.0,0.0,0.020897769799957486,0.025647262936311463,0.028022009504488448,0.0,0.023747465681769872,0.0,0.015198378036332718,0.02612221224994686,0.040845640972644176,0.0,0.0,0.0,0.805270781409487,0.00569939176362477,0.0,0.008549087645437154
105,212,14.94,-75.9,4.61,0.0,0.012157547383053469,0.011068811796511367,0.0,0.0,0.011068811796511367,0.0,0.004173486415078056,0.0,0.0018145593109035027,0.0001814559310903503,0.01379065076286662,0.015968121935950822,0.00671386945034296,0.01342773890068592,0.9038283565221144,0.005806589794891209,0.0
106,214,23.92,-71.84,6.84,0.01624223025967448,0.009212011192054182,0.0002424213471593206,0.020848235855701572,0.01915128642558633,0.003151477513071168,0.018666443731267687,0.021333078550020215,0.002424213471593206,0.0007272640414779618,0.007272640414779619,0.018181601036949047,0.004606005596027091,0.00436358424886777,0.01163622466364739,0.0002424213471593206,0.8256990513924485,0.01599980891251516
107,98,-24.72,-224.66,-0.57,0.0,0.010472182862469207,0.018550723927802597,0.0,0.0,0.0,0.026928470217777962,0.026629264993135983,0.0,0.02124357094958039,0.0,0.0,0.0,0.015558671681382821,0.0,0.0,0.0,0.880617115367851
108,104,20.0,-50.0,-9.0,0.9596946055769151,0.0,0.0,0.0,0.0,0.0,0.0,0.0,0.0,0.0,0.0,0.0,0.0,0.040305394423084895,0.0,0.0,0.0,0.0
109,30,9.79,-88.07,-2.72,0.011950358026289588,0.8139158535906336,0.0,0.0,0.0,0.0,0.0,0.0,0.023900716052579176,0.0017071940037556555,0.0,0.0,0.04381797942972849,0.03357481540719456,0.027315104060090488,0.004552517343348415,0.03926546208638008,0.0
110,37,14.58,-114.9,-12.3,0.010654078123119276,0.0040145801623347995,0.8862020930907405,0.0021616970104879688,0.0001544069293205692,0.009418822688554722,0.0,0.010808485052439844,0.0,0.012661368204286674,0.014205437497492366,0.006330684102143337,0.009882043476516429,0.008955601900593014,0.010499671193798705,0.005249835596899352,0.008801194971272444,0.0
111,60,-27.22,-120.5,-18.73,0.06757637877655984,0.0,0.0,0.8413733424508122,0.0,0.0,0.01991724848151237,0.0,0.0,0.0,0.0,0.005690642423289248,0.0,0.012092615149489653,0.0,0.0,0.0,0.05334977271833671
112,10,-4.02,-90.8,-9.72,0.0066493016594729015,0.0,0.008462747566601874,0.006735656226479042,0.9120910507877479,0.0066493016594729015,0.005613046855399202,0.005699401422405344,0.006131174257436051,0.007253783628515893,0.005440337721386919,0.005267628587374636,0.0006908365360491325,0.0020725096081473976,0.005181274020368495,0.007858265597558884,0.007858265597558884,0.00034541826802456625
113,14,-4.35,-85.91,-11.34,0.0,0.0,0.0,0.038058898063502045,0.0018341637620964842,0.8528083580917571,0.03347348865826084,0.016048932918344236,0.0,0.0,0.04081014370664677,0.0,0.0,0.0,0.010546441632054784,0.0,0.0,0.0064195731673376945
114,55,-18.47,-116.63,-11.75,0.016847241903576934,0.0,0.0,0.0,0.011933463015033662,0.014039368252980777,0.854692538581649,0.004211810475894234,0.011056002499222364,0.01158247880870914,0.01281092353084496,0.013863876149818518,0.013161907737169479,0.0029833657537584155,0.0035098420632451942,0.00666869992016587,0.01281092353084496,0.009827557777086543
115,53,-14.57,-69.76,-0.4,0.006101745308893173,0.005690391692563296,0.005279038076233419,0.00521047914017844,0.0,0.001165501912934651,0.0014397376571545688,0.943233200946477,0.00260523957008922,0.0045248897796286444,0.004593448715683624,0.006513098925223049,0.0038393004190788497,0.0044563308435736654,0.0,0.001028384040824692,0.004319212971463707,0.0
116,80,-24.23,-109.93,-8.55,0.006673906834516486,0.012321058771415051,0.012064370047010569,0.01244940313361729,0.0,0.009754171527370249,0.005390463212494085,0.0017968210708313615,0.8665218633096703,0.0017968210708313615,0.012321058771415051,0.0061605293857075255,0.0061605293857075255,0.01142264823599937,0.008855760991954568,0.0065455624723142454,0.01244940313361729,0.007315628645527686
117,82,-19.68,-115.07,-1.43,0.0,0.0,0.027902543735769482,0.0,0.0,0.0,0.0,0.0,0.0,0.8722922036709012,0.0,0.0,0.0,0.0,0.0,0.0,0.0998052525933293,0.0
118,45,-1.86,-103.92,-8.94,0.0033499504814612476,0.0007151579679524012,0.0031241111231604893,0.002672432406558973,0.0009409973262531595,0.003575789839762006,0.0017314350803058133,0.001957274438606572,0.002973551550959984,0.0037263494119625117,0.9607415915487182,0.0008657175401529067,0.001204476577604044,0.003500510053661753,0.0007527978610025277,0.003199390909260742,0.0037263494119625117,0.0012421164706541705
119,38,10.53,-127.73,-7.61,0.0,0.027717889879499344,0.0,0.017382405517652133,0.0,0.031006453085541643,0.0,0.0,0.015033431799050494,0.0,0.0,0.8092633340495469,0.03805337424134656,0.02818768462321968,0.0,0.0,0.0,0.03335542680414328
120,224,14.65,-103.39,-5.47,0.0,0.0,0.0,0.0,0.0,0.0,0.0,0.0,0.0,0.0,0.0,0.0,0.8178431709604397,0.0,0.0,0.0746974047140643,0.0,0.10745942432549602
121,236,13.76,-151.55,-1.34,0.002266039358982401,0.014990721913268194,0.008541225276164436,0.012724682554285792,0.016036586232798532,0.005926564477338588,0.006275185917182034,0.005229321597651696,0.012550371834364069,0.008366914556242713,0.005926564477338588,0.010632953915225115,0.016210896952720256,0.8525331309462222,0.002963282238669294,0.005229321597651696,0.013596236153894407,0.0
122,222,22.79,-84.5,-1.93,0.007385163785718688,0.013350103766491475,0.006106962361267378,0.00965752187363213,0.012071902342040166,0.013918193288469837,0.003976626653848525,0.0014202238049459018,0.005538872839289016,0.0035505595123647544,0.00014202238049459018,0.0028404476098918036,0.007243141405224099,0.009373477112642952,0.8841097375164144,0.0035505595123647544,0.011361790439567214,0.004402693795332295
123,212,15.02,-76.49,2.4,0.0058138877898754986,0.0,0.0,0.0,0.0,0.0,0.0,0.0,0.0,0.0030453697946966896,0.0,0.0,0.008997683484331128,0.0,0.0,0.9756370416424265,0.0065060172886702,0.0
124,214,24.67,-71.66,5.34,0.0,0.0014264784887660028,0.00084462542097987,0.0,0.0017267897495588454,0.0017643286571579508,0.0016141730267615294,0.00140770903496645,0.0012012450431713706,0.0015766341191624242,0.0007507781519821067,0.0010886283203740547,0.00028154180699329,0.0,0.0,5.6308361398658006e-05,0.985566290028144,0.0006944697905834487
125,98,-22.43,-227.4,-1.76,0.018302683019836095,0.009855290856834821,0.003419182542167183,0.01790042625016937,0.0010056419241668186,0.007844007008501184,0.017297041095669277,0.007240621854001093,0.010056419241668184,0.001407898693833546,0.0008045135393334547,0.014481243708002186,0.017095912710835916,0.010056419241668184,0.009453034087168095,0.014481243708002186,0.017498169480502642,0.8218002510376398
126,104,20.0,-50.0,-9.0,0.9626505043958491,0.0,0.0,0.0,0.0,0.0,0.0,0.0,0.0,0.0,0.0,0.0,0.0,0.037349495604150906,0.0,0.0,0.0,0.0
127,30,14.27,-87.58,1.63,0.002114058026523952,0.8023355745200105,0.0,0.0396385879973241,0.0,0.0,0.0,0.0,0.0,0.04809482010341991,0.0,0.0,0.0,0.0,0.02431166730502545,0.020612065758608532,0.04492373306363398,0.017969493225453593
128,37,17.17,-114.3,-9.51,0.0,0.0,0.9537195038736411,0.0,0.0,0.0,0.0,0.0,0.025871084791132287,0.0,0.0,0.0,0.0,0.0,0.0,0.020409411335226585,0.0,0.0
129,60,-25.49,-122.75,-16.47,0.0,0.0,0.0,0.8142353098014321,0.0,0.0,0.0,0.0,0.0,0.0,0.08443849554480358,0.0,0.0,0.030397858396129292,0.0,0.0,0.07092833625763502,0.0
130,10,-5.83,-87.9,-13.22,0.0,0.0,0.0,0.002608147390541193,0.9354483520841055,0.0,0.0,0.0,0.0,0.020865179124329544,0.0,0.0,0.0,0.03260184238176491,0.0,0.0,0.0,0.008476479019258876
131,14,-1.02,-84.79,-10.63,0.0,0.0009526162855883195,0.017861555354780987,0.01571816871220727,0.0016670784997795589,0.8849715835152104,0.013574782069633551,0.0,0.0,0.0,0.015241860569413112,0.007620930284706556,0.011907703569853993,0.0035723110709561974,0.0,0.003810465142353278,0.016908939069192667,0.006192005856324076
132,55,-20.4,-120.52,-9.79,0.0,0.0,0.0,0.0,0.0,0.0,0.9037704534229356,0.0,0.029582934813443828,0.0,0.030263002280419546,0.0,0.0,0.0,0.033663339615298146,0.00272026986790288,0.0,0.0
133,53,-16.04,-68.05,-0.69,0.0,0.0,0.0,0.0,0.0,0.0,0.0,0.8498701210211326,0.0,0.15012987897886743,0.0,0.0,0.0,0.0,0.0,0.0,0.0,0.0
134,80,-26.99,-111.08,-11.18,0.0,0.0,0.0031247339514724136,0.0,0.0,0.0,0.002361717521461708,0.0,0.9895721087898537,0.0,0.0,0.0,0.0,0.001344362281447434,0.0,0.0,0.0035970774557647555,0.0
135,82,-20.89,-115.16,0.15,0.0,0.0,0.025977966839277666,0.0,0.0,0.0,0.0,0.0,0.0,0.9740220331607223,0.0,0.0,0.0,0.0,0.0,0.0,0.0,0.0
136,45,0.44,-103.32,-9.7,0.006746251319456899,0.0,0.0014904508729032685,0.005883358708828691,0.0,0.0,0.0011766717417657383,0.0024317882663158594,0.0,0.00368690479086598,0.9621111699151432,0.0030593465285909194,0.0,0.0,0.005883358708828691,0.0,0.007530699147300725,0.0
137,38,15.1,-131.03,-6.95,0.009719129851492505,0.0006479419900995003,0.012958839801990007,0.001943825970298501,0.011662955821791006,0.0049243591247562024,0.0,0.005831477910895503,0.012570074607930307,0.007386538687134304,0.012699663005950206,0.8722258395523785,0.010107895045552205,0.0010367071841592005,0.0031101215524776014,0.012699663005950206,0.011015013831691506,0.009459953055452705
138,224,14.63,-104.63,-3.61,0.0,0.0,0.0,0.0,0.0,0.04527706810603316,0.0,0.0,0.02469658260329081,0.0,0.04527706810603316,0.050079181390006375,0.833298067427787,0.0013720323668494898,0.0,0.0,0.0,0.0
139,236,11.3,-152.39,-0.05,0.0,0.04004551976932038,0.032978663339440314,0.01884495047968018,0.0,0.0,0.0,0.0,0.0,0.05005689971165048,0.0,0.0,0.0,0.8580739666999087,0.0,0.0,0.0,0.0
140,222,21.11,-86.22,1.1,0.0003752234066286289,0.012382372418744752,0.006003574506058062,0.0024389521430860876,0.009005361759087092,0.005440739396115118,0.018573558628117128,0.006003574506058062,0.017447888408231242,0.018761170331431442,0.017447888408231242,0.01013103197897298,0.011256702198858866,0.013695654341944955,0.8163281424552862,0.0018761170331431443,0.015946994781716725,0.016885053298288297
141,212,17.84,-73.66,3.88,0.0,0.0003002877452321564,0.0021878107152628534,0.0,0.0020591159673062154,0.0,0.0,0.003131572200278202,0.0,0.0,0.0,0.0,0.0005576772411454333,0.0030886739509593227,0.0,0.9886748621798158,0.0,0.0
142,214,23.17,-71.5,1.07,0.002654014742289655,0.011500730549921841,0.04069489271510805,0.039810221134344834,0.0,0.0,0.03450219164976553,0.0,0.0,0.023886132680606898,0.0,0.003981022113434484,0.0,0.0,0.0,0.0,0.8429707944145287,0.0
143,98,-24.76,-224.49,0.14,0.0,0.0,0.0,0.0,0.17344742108319489,0.0,0.0,0.0,0.0,0.0,0.0,0.0,0.0,0.0,0.0,0.0,0.0,0.8265525789168051
144,104,20.0,-50.0,-9.0,0.8622201609504498,0.009914047459284973,0.0,0.0015252380706592267,0.017031825122361368,0.0058467459375270365,0.019828094918569947,0.005084126902197423,0.007626190353296134,0.0,0.0,0.0002542063451098711,0.0030504761413184533,0.010422460149504717,0.007117777663076392,0.017286031467471236,0.019573888573460076,0.0132187299457133
145,30,15.23,-85.78,-1.06,0.018890934831903333,0.8200753645888231,0.0027645270485712192,0.02303772540476016,0.0025341497945236178,0.0,0.014744144259046504,0.008984712907856462,0.011058108194284877,0.022346593642617357,0.020273198356188942,0.003455658810714024,0.0050682995890472355,0.008984712907856462,0.008754335653808863,0.00575943135119004,0.021885839134522155,0.0013822635242856096
146,37,18.45,-114.94,-10.46,0.002699519338345024,0.0,0.9809128103253487,0.0,0.0,0.0031441460528959684,0.00047638576559029826,0.0,0.003112387001856615,0.0008257353270231837,0.0,0.001016289633259303,0.002318410725872785,0.0009210124801412433,0.002350169776912138,0.002223133572754725,0.0,0.0
147,60,-25.83,-120.54,-12.56,0.0,0.0,0.03512330523707762,0.8115049285610167,0.05970961890303196,0.0,0.0,0.0,0.0,0.0,0.0,0.0,0.0,0.09366214729887366,0.0,0.0,0.0,0.0
148,10,-3.83,-88.76,-13.57,0.12732647710221723,0.0,0.0,0.0,0.8726735228977828,0.0,0.0,0.0,0.0,0.0,0.0,0.0,0.0,0.0,0.0,0.0,0.0,0.0
149,14,-3.28,-86.01,-12.01,0.005282379248071584,0.005918810482779004,0.0015274349632978077,0.0006364312347074198,0.004518661766422681,0.9444395532100422,0.0012728624694148395,0.0021638661980052276,0.0017183643337100336,0.005027806754188616,0.006173382976661972,0.0012728624694148395,0.005664237988896036,0.004645948013364164,0.0035640149143615508,0.0021002230745344854,0.0005091449877659359,0.0035640149143615508
150,55,-16.84,-120.19,-12.03,0.0,0.006947971530233092,0.0,0.0,0.01330040264358906,0.004565809862724602,0.9323069059483005,0.0,0.0,0.009727160142326328,0.0,0.0,0.0,0.0029777020843856105,0.0,0.0,0.013697429588173807,0.016476618200267044
151,53,-14.18,-66.88,0.21,0.0,0.0,0.014820842721283704,0.0,0.0028871771534968254,0.013858450336784761,0.0082765745066909,0.908187766518801,0.0053893973531940744,0.0,0.0,0.011933665567786878,0.002117263245897672,0.006351789737693015,0.0034646125841961903,0.007506660599091746,0.013858450336784761,0.0013473493382985186
152,80,-25.62,-115.16,-7.14,0.03928003312282922,0.01868196697305292,0.0,0.018202942178872077,0.0,0.01964001656141461,0.0,0.02682538847412727,0.8773696526897039,0.0,0.0,0.0,0.0,0.0,0.0,0.0,0.0,0.0
153,82,-16.98,-114.84,-0.3,0.0021556498842328184,0.0005783450908917317,0.002628841322235144,0.0,0.0005257682644470289,0.0,0.0007886523966705432,0.0008938060495599489,0.0025499760825680898,0.981598110744354,0.0005257682644470289,0.001603593206563438,0.0016298816197857892,0.002313380363566927,0.00031546095866821734,0.0,0.001840188925564601,5.257682644470288e-05
154,45,-0.66,-105.92,-6.36,0.0,0.0,0.0,0.0,0.0,0.0,0.0,0.0,0.0,0.0,0.8613492435784649,0.0,0.0,0.0,0.0,0.0,0.0,0.13865075642153513
155,38,14.9,-132.17,-6.39,0.0,0.0,0.007972119988376119,0.0,0.0,0.008779423278338257,0.0,0.0,0.0,0.0,0.0,0.9659923489103449,0.0,0.0,0.00978855239079093,0.0,0.007467555432149782,0.0
156,224,16.8,-107.68,-6.01,0.0,0.0,0.0,0.0058146802264666874,0.0077005224620775034,0.0,0.0,0.0,0.0,0.005028912628295514,0.0,0.0,0.9723409805443747,0.0,0.0018072654757937,0.007307638662991918,0.0,0.0
157,236,9.59,-151.0,-0.31,0.005958969288296862,0.005512046591674597,0.014748448988534732,0.01340768089866794,0.004618201198430068,0.0,0.008342557003615607,0.00193666501869648,0.011024093183349194,0.0002979484644148431,0.010726144718934351,0.002234613483111323,0.008342557003615607,0.9022729036719315,0.004469226966222646,0.0,0.006107943520504283,0.0
158,222,17.14,-88.05,0.77,0.024956180758513417,0.021701026746533403,0.004068942514975013,0.013563141716583378,0.008409147864281694,0.0,0.0,0.020887238243538404,0.0,0.0,0.01220682754492504,0.0,0.0,0.0,0.8830857184030513,0.008680410698613361,0.002441365508985008,0.0
159,212,15.03,-76.96,3.22,0.019171284005502453,0.005135165358616729,0.0,0.0246487937213603,0.0,0.022594727577913604,0.0,0.014036118646885724,0.0,0.0006846887144822306,0.0,0.0,0.03423443572411152,0.029099270365494794,0.017801906576537994,0.8325936093090947,0.0,0.0
160,214,23.15,-73.57,7.52,0.0017685754547808433,0.014679176274680999,0.004775153727908276,0.005128868818864446,0.01149574045607548,0.00972716500129464,0.006190014091732952,0.0042445810914740235,0.003183435818605518,0.009373449910338469,0.006190014091732952,0.00972716500129464,0.005128868818864446,0.005836299000776783,0.010257737637728892,0.011849455547031651,0.8689485588007395,0.01149574045607548
161,98,-24.79,-225.32,0.3,0.003039312261777786,0.004096464352830929,0.0043607523755942144,0.0037440803224798812,0.0,0.0,0.0008369120720837382,0.0025988322238389766,0.002907168250396143,0.0016297761403735954,0.0025547842200450955,0.0027309762352206194,0.0018500161593430003,0.003039312261777786,0.003964320341449286,0.0018940641631368814,0.0,0.9607532286196521
162,104,20.0,-50.0,-9.0,0.9343995888501101,0.0017806843417451114,0.006410463630282401,0.0030627770678015916,0.00591187201459377,0.006268008882942792,0.004558551914867486,0.003632596057160027,0.006837827872301228,0.0018519117154149158,0.004273642420188267,0.005555735146244747,0.005199598277895725,0.006268008882942792,0.0,0.0012108653523866758,0.0027778675731223736,0.0
163,30,11.89,-84.75,1.91,0.0008161108274590014,0.933312086670493,0.0054796012700818655,0.0059459503143441525,0.0,0.006062537575409724,0.004663490442622865,0.001515634393852431,0.0,0.008977219102049015,0.0033810305709015766,0.0032644433098360055,0.0,0.010143091712704732,0.00023317452213114323,0.00361420509303272,0.004663490442622865,0.00792793375245887
164,37,19.58,-118.82,-7.43,0.0,0.0,0.8700823302529178,0.004015115621322628,0.0,0.020649166052516377,0.00028679397295161633,0.011184964945113035,0.0,0.027819015376306783,0.0,0.0,0.006883055350838791,0.0,0.012045346863967885,0.006309467404935558,0.018354814268903445,0.02236992989022607
165,60,-24.05,-119.99,-16.04,0.03838863513037218,0.020138300396260817,0.0,0.8319710560686988,0.0018879656621494515,0.005034575099065204,0.050975072878035196,0.0,0.0,0.05160439476541834,0.0,0.0,0.0,0.0,0.0,0.0,0.0,0.0
166,10,-5.17,-87.17,-12.2,0.011775848994644214,0.008291158986025008,0.0019225875909623207,0.0015621024176568855,0.9013472242387459,0.010333908301422473,0.0016822641420920308,0.007450026914978994,0.0,0.0032443665597489163,0.004926630701840947,0.0,0.007690350363849283,0.009132291057071024,0.01189601071907936,0.01045407002585762,0.004205660355230076,0.004085498630794932
167,14,-6.8,-86.82,-10.31,0.0,0.0,0.0,0.004365588911834224,0.003863797082887761,0.9715985824816302,0.002559138327626959,0.0,5.017918289464625e-05,0.0017060922184179723,0.004967739106569978,0.0,0.0012043003894715101,0.0,0.0034121844368359446,0.0,0.0030609301565734212,0.00321146770525736
168,55,-19.98,-119.61,-7.97,0.0,0.0,0.0,0.0,0.040154923109316974,0.0,0.8508531427368227,0.0,0.0,0.0,0.0,0.0,0.0,0.01966771744129811,0.0360574819757132,0.0,0.0,0.05326673473684905
169,53,-15.98,-71.01,-0.61,0.0,0.007532523190986065,0.009624890744037749,0.0,0.007114049680375729,0.0,0.019877491753991006,0.9219546902711722,0.0,0.0,0.0,0.0006277102659155054,0.0,0.0,0.005649392393239549,0.0,0.017994360956244487,0.009624890744037749
170,80,-23.15,-112.08,-5.5,0.0,0.0,0.0,0.006893297632385527,0.0,0.0,0.0,0.0,0.9806687957700493,0.0,0.01243790659756519,0.0,0.0,0.0,0.0,0.0,0.0,0.0
171,82,-20.09,-115.33,0.62,0.0,0.02635089965541306,0.03473527681849904,0.0,0.0,0.0,0.0,0.0,0.0,0.8271221280182749,0.014772474049246719,0.032738996541573806,0.014772474049246719,0.030742716264648574,0.018765034603097183,0.0,0.0,0.0
172,45,-2.02,-100.59,-7.05,0.0,0.0,0.0,0.0027859981218209084,0.014663148009583727,0.0,0.009677677686325261,0.006451785124216841,0.004838838843162631,0.006158522164025166,0.9344557283971607,0.0,0.0,0.014663148009583727,0.006305153644121003,0.0,0.0,0.0
173,38,10.46,-128.74,-11.54,0.0014212403268521474,0.00013865759286362414,0.0014385725259601003,0.0,0.0012652505348805703,0.0009359387518294628,0.001195921738448758,0.0015425657206078185,0.00109192854380104,0.0005372981723465435,0.0012305861366646643,0.985596942541291,0.00022531858840338923,0.0009186065527215098,0.0012132539375567112,0.0002773151857272483,0.0009706031500453688,0.0
174,224,16.61,-105.38,-4.43,0.0021063201202307542,0.0017647546953284696,0.004781915948631982,0.005009626231900172,0.0005123481373534267,0.0031310163949376077,0.002334030403498944,0.0010246962747068535,0.0038141472447421765,0.004440350523729698,0.0015939719828773277,0.0,0.9535471022132893,0.00330179910738875,0.00461113323618084,0.0014231892704261852,0.0013093341287920906,0.00529426408598541
175,236,14.08,-148.99,-2.96,0.0,0.0,0.018291346992573367,0.043576444305836556,0.0,0.0,0.0,0.0,0.0,0.035506732397348306,0.027437020488860053,0.04841827145092951,0.0,0.8009471062572898,0.0,0.0,0.025823078107162403,0.0
176,222,20.94,-86.09,1.42,0.0,0.012753175852473715,0.0,0.0,0.0,0.0,0.0,0.0,0.0,0.000920332278013567,0.0,0.0,0.0,0.0,0.982382210678026,0.0,0.003944281191486716,0.0
177,212,16.77,-74.41,3.62,0.0,0.0,0.0,0.0,0.049471959070163614,0.0,0.0,0.0,0.05260309572017397,0.04571459509015118,0.0,0.0,0.015655683250051778,0.0,0.0,0.8365546668694595,0.0,0.0
178,214,17.93,-71.12,4.79,0.0,0.0016111953370184359,0.0011916132180032181,0.00015104956284547834,0.00052028182757887,0.00011748299332426094,0.00013426627808486966,0.001258746357045653,0.0006545481056637396,0.00015104956284547834,0.0004363654037758264,0.0015272789132153922,0.00011748299332426094,0.0013090962113274792,0.0008895140923122616,0.0009398639465940875,0.9874796695685859,0.0015104956284547836
179,98,-23.57,-225.47,2.09,0.0,0.0,0.0069201384958807914,0.0,0.0,0.002819315683506989,0.0,0.0,0.0,0.0,0.003417352343644835,0.00478429328110277,0.0,0.0,0.0,0.0,0.0,0.9820589001958646
