id,number,x,y,z,parent,distance_to_parent,conn_a,conn_f_30,conn_f_37,conn_f_60,conn_e,conn_c,bag_b_l,box,cross_gh,conn_g,conn_h,conn_k,conn_d,bag_b_r,bag_a_r,conn_b,conn_i,conn_j,bag_a_l
0,104,25.42,-38.3,-9.96,root_cross_right,53,0.871586943014539,0.0,0.0,0.0,0.027394785490231686,0.0,0.0,0.0,0.0,0.0,0.0,0.0,0.042804352328487005,0.0,0.019404639722247444,0.0,0.01826319032682112,0.0,0.020546089117673763
1,30,-2.3,-67.62,6.24,cross_f30,39,0.0,0.7595324174781751,0.0,0.10930344660082948,0.0,0.0,0.0,0.0,0.0,0.036995012695665366,0.09416912322533003,0.0,0.0,0.0,0.0,0.0,0.0,0.0,0.0
2,37,-1.3,-86.75,23.26,cross_f37,14,0.0,0.0,0.9500219605507485,0.01175953869394153,0.0032071469165295082,0.0,0.0,0.0,0.0,0.0032071469165295082,0.009487809628066462,0.0,0.0,0.0,0.0018708357013088794,0.004677089253272199,0.0036080402810956965,0.0034744091595736337,0.008686022898934083
3,60,-36.72,-83.2,-42.28,box,53,0.04186106267299508,0.02502563529363836,0.042771085774581934,0.5199628139129369,0.0,0.01911048513332384,0.03503588941109371,0.03321584320792001,0.025480646844431788,0.04186106267299508,0.03776595871585425,0.03321584320792001,0.011830300320629044,0.034125866309506855,0.01046526566824877,0.026390669946018637,0.02093053133649754,0.009100231015868496,0.031850808555539734
4,10,18.07,-76.2,-3.14,cross_e_c,32,0.0,0.0,0.0,0.0,0.6538418894725242,0.0,0.0,0.0,0.0,0.0,0.0,0.1475428012084323,0.0,0.0,0.0,0.19861530931904348,0.0,0.0,0.0
5,14,-3.86,-70.26,5.17,cross_e_c,32,0.0,0.0,0.0,0.0,0.06090160253246287,0.8865394802134938,0.0,0.0,0.0,0.0,0.0,0.0,0.052558917254043304,0.0,0.0,0.0,0.0,0.0,0.0
6,55,10.68,-76.36,-43.58,box,51,0.0,0.0,0.0,0.0,0.15936907408946582,0.0,0.5389680356697596,0.0,0.16790670305854435,0.0,0.0,0.0,0.0,0.0,0.0,0.0,0.0,0.0,0.13375618718223026
7,53,-18.82,-50.75,-14.78,cross_k,20,0.0,0.12641704854237137,0.0,0.0,0.0,0.0,0.0,0.597623784517574,0.0,0.0,0.1433754331029334,0.0,0.0,0.06783353824224805,0.06475019559487315,0.0,0.0,0.0,0.0
8,80,-37.89,-80.39,-34.45,box,38,0.006207042303611713,0.02239932657390314,0.005937170899106856,0.023478812191922566,0.0032384568540582853,0.026717269045980853,0.023478812191922566,0.0,0.7787054483060172,0.020510226742369138,0.024828169214446853,0.011874341798213712,0.0,0.007556399326135999,0.012953827416233141,0.00836601353965057,0.01214421320271857,0.0,0.011604470393708854
9,80,-42.33,-87.44,-39.26,cross_gh,11,0.015787022933612112,0.009660715526538756,0.0,0.0,0.0,0.0,0.017907667805291353,0.0,0.0,0.9043353535664699,0.02214895754864983,0.0,0.0,0.0,0.0,0.006597561823002077,0.015080141309719033,0.008482579486716957,0.0
10,82,-41.13,-84.81,-36.74,cross_gh,9,0.0,0.0,0.0,0.0,0.0,0.0,0.0,0.0,0.0,0.0,0.5992257752532296,0.0,0.0,0.0,0.0,0.0,0.0,0.4007742247467704,0.0
11,45,-32.36,-83.69,25.95,cross_k,56,0.025522847799559278,0.0228518520996054,0.02018085639965152,0.00830976439985651,0.028193843499513156,0.008606541699851384,0.008012987099861634,0.008012987099861634,0.007419432499871884,0.0240389612995849,0.022555074799610525,0.7115324644049812,0.009200096299841134,0.015729196899728393,0.005638768699902631,0.008012987099861634,0.028787398099502908,0.01009042819982576,0.02730351159952853
12,38,0.52,-94.08,15.88,cross_f37,25,0.009733404939621788,0.005132158968164216,0.002654564983533215,0.0,0.0,0.0,0.009910375938524002,0.0,0.0,0.00407033297475093,0.012564940922057219,0.0,0.9193012245005903,0.0023006229857287864,0.0,0.001592738990119929,0.0024775939846310006,0.014157679912177146,0.016104360900101505
13,224,-23.69,-65.95,-17.56,cross_bag_br,55,0.03315079791521669,0.014207484820807153,0.03585698550013234,0.02909151653784322,0.0,0.006088922066060209,0.04668173583979492,0.011501297235891505,0.001353093792457824,0.016237125509493886,0.009471656547204768,0.03721007929259016,0.06630159583043338,0.5338591884982796,0.025708782056698656,0.0392397199812769,0.0392397199812769,0.05412375169831296,0.000676546896228912
14,236,-60.24,-79.01,-39.28,cross_bag_br,100,0.07847010823750994,0.0,0.0,0.0483594853091631,0.013686646785612199,0.07755766511846912,0.0,0.0,0.0,0.03649772476163253,0.0,0.0693456770471018,0.0,0.0,0.531004236813022,0.0,0.009124431190408133,0.08211988071367318,0.05383414402340798
15,222,-3.5,-63.05,6.63,cross_bag_br,37,0.0,0.0,0.0,0.0,0.0,0.0,0.0,0.0,0.0,0.0,0.0,0.0,0.0,0.0,0.0,0.760318481698478,0.0,0.0,0.23968151830152196
16,212,-16.52,-52.83,10.82,cross_ij2,13,0.0,0.01622042873496256,0.033915441900376264,0.03145780118295769,0.0,0.03440697004385997,0.03932225147869711,0.0009830562869674278,0.0,0.028017104178571697,0.011796675443609135,0.04423753291353426,0.0009830562869674278,0.0245764071741857,0.023101822743734554,0.011796675443609135,0.6883711570313253,0.010813619156641707,0.0
17,214,-17.23,-52.88,10.21,cross_ij2,12,0.06670580080432116,0.0,0.03645549578840807,0.06980839619056865,0.0023269465396856216,0.0,0.06437885426463553,0.06670580080432116,0.0,0.0,0.0,0.037231144634969945,0.052744121566207426,0.0,0.018615572317484973,0.007756488465618739,0.0,0.5772713786237788,0.0
18,98,-89.13,-165.07,23.23,cross_gh,118,0.006571729139249366,0.0,0.0,0.00507815433487451,0.0,0.0035845795304996543,0.0,0.0176241826916233,0.025988201596122494,0.029274066165747174,0.028377921283122262,0.021507477182997926,0.0,0.01583189292637347,0.025689486635247522,0.020910047261247983,0.0035845795304996543,0.0,0.7959776817223947
19,104,25.23,-40.88,-10.75,root_cross_right,53,0.796316303487965,0.0,0.0,0.0,0.0,0.0,0.0,0.0,0.01232822373625475,0.04127274903007025,0.0,0.05306496303866175,0.0,0.0,0.0,0.0482408754896925,0.0,0.04877688521735575,0.0
20,30,-0.25,-68.89,6.72,cross_f30,39,0.022933339672405042,0.8014308394218588,0.0,0.0,0.0,0.027967487405372006,0.0,0.0,0.04978212758156217,0.03747643312319848,0.0,0.0,0.0,0.033560984886446404,0.0,0.0,0.01901789143565296,0.007830896473504162,0.0
21,37,0.03,-87.24,24.3,cross_f37,14,0.025901268295097646,0.0010360507318039058,0.7627443824169056,0.0010360507318039058,0.021757065367882022,0.022447765855751294,0.0176128624406664,0.004144202927215623,0.0117419082937776,0.006561654634758071,0.011396558049842964,0.007252355122627341,0.016922161952797127,0.004489553171150259,0.01588611122099322,0.030736171710182537,0.014504710245254682,0.016922161952797127,0.006907004878692706
22,60,-37.65,-82.04,-40.86,box,53,0.0,0.0,0.07619561479184393,0.5104431749624028,0.0,0.09429207330490687,0.0,0.0952445184898049,0.07429072442204783,0.0,0.0,0.019048903697960983,0.04000269776571806,0.0,0.007619561479184393,0.037145362211023915,0.0,0.0,0.04571736887510636
23,10,17.66,-73.99,-1.56,cross_e_c,32,0.0,0.0,0.030423701819322763,0.005014895904283972,0.8281562336798692,0.0,0.028752069851228104,0.008023833446854355,0.0,0.02039391001075482,0.0297550490320849,0.00033432639361893147,0.021396889191611614,0.007689507053235424,0.007020854265997561,0.0,0.009026812627711149,0.0,0.0040119167234271775
24,14,-3.71,-70.52,4.99,cross_e_c,32,0.04078231980388839,0.013874397459054813,0.0,0.001681745146552099,0.02270355947845333,0.6182438517326736,0.021442250618539258,0.004204362866380247,0.03994144723061234,0.03868013837069827,0.03195315778448987,0.0,0.0,0.03952101094397432,0.01807876032543506,0.023544432051729382,0.020180941758625184,0.03489621179095605,0.03027141263793778
25,55,12.68,-77.99,-44.54,box,51,0.025076078246158498,0.0,0.0,0.015752920949509825,0.023790125515586267,0.027969471889946015,0.8054996495009501,0.027969471889946015,0.0019289290958583462,0.022825660967657094,0.0,0.0,0.004500834557002807,0.0,0.0,0.0,0.025397566428801557,0.0,0.019289290958583463
26,53,-18.75,-52.63,-15.24,cross_k,20,0.0,0.0,0.0,0.0,0.0,0.0,0.0,0.7088592122815657,0.17299669994863487,0.0,0.0,0.0,0.0,0.0,0.0,0.11814408776979944,0.0,0.0,0.0
27,80,-36.36,-80.55,-34.6,box,38,0.0,0.0,0.0,0.03607216383947758,0.0,0.0,0.011133383901073329,0.0,0.8846581427848803,0.0,0.0,0.006680030340643998,0.0,0.017813414241717326,0.0,0.0,0.04230685882407865,0.0,0.0013360060681287995
28,80,-44.97,-86.89,-37.42,cross_gh,11,0.008870245963931557,0.0022691326884476076,0.007632537224778316,0.01650278318870987,0.0,0.0,0.020422194196028465,0.016709067978568744,0.015265074449556632,0.8351784529027602,0.005982258905907328,0.004950834956612961,0.02021590940616959,0.0,0.016090213608992123,0.01031423949294367,0.014439935290121136,0.005157119746471835,0.0
29,82,-42.06,-85.77,-37.77,cross_gh,9,0.00067752680471981,0.0,0.018970750532154683,0.00880784846135753,0.0,0.0033876340235990507,0.04471676911150746,0.027101072188792406,0.0,0.031843759821831075,0.6280377842088243,0.0,0.05555719798702443,0.04471676911150746,0.032521286626550884,0.039296554673748985,0.0,0.0,0.06436504644838195
30,45,-34.35,-84.38,24.58,cross_k,56,0.0,0.0,0.0,0.0,0.0,0.0,0.0,0.0,0.0,0.15238963598741417,0.0,0.7521575150973924,0.0,0.0,0.0,0.0,0.0,0.0,0.09545284891519348
31,38,4.5,-92.85,16.28,cross_f37,25,0.0,0.004591762643778001,0.0019023016667080288,0.0,0.005444518563336772,0.0,0.005247728735746286,0.0,0.0,0.0,0.0,0.0026894609770699717,0.9775659596546846,0.0,0.002558267758676315,0.0,0.0,0.0,0.0
32,224,-25.85,-67.9,-19.25,cross_bag_br,55,0.01909035225528335,0.01522938213623728,0.01844685723544234,0.01866135557538934,0.005362458498675098,0.0025739800793640475,0.015443880476184283,0.00922342861772117,0.003646471779099067,0.00815093691798615,0.018232358895495335,0.014800385456343271,0.01415689043650226,0.7882901384723071,0.0006434950198410119,0.008794431937827162,0.02123533565475339,0.006434950198410118,0.011582910357138213
33,236,-61.47,-83.02,-36.8,cross_bag_br,100,0.0493520350019898,0.022701936100915303,0.008389845950338265,0.03602698555145255,0.03602698555145255,0.010363927350417856,0.04491035185181071,0.019740814000795918,0.039975148351611735,0.00740280525029847,0.0,0.018260252950736224,0.0029611221001193877,0.0,0.6377560630853949,0.006909284900278572,0.021221375050855612,0.0,0.03800106695153214
34,222,-3.43,-64.09,8.83,cross_bag_br,37,0.0,0.0,0.0,0.0,0.0,0.0,0.008278972225044177,0.0,0.0,0.0,0.009031606063684555,0.012293019364459534,0.0,0.023582526944065228,0.017812334181155652,0.9204716910503332,0.0,0.008529850171257635,0.0
35,212,-15.88,-55.27,10.16,cross_ij2,13,0.02546115098902482,0.0,0.0,0.0,0.00760527886685157,0.0,0.01719454352505572,0.0,0.0,0.0,0.024799822391907294,0.027775801078936166,0.0,0.0,0.0,0.0320744369602001,0.8650889661880243,0.0,0.0
36,214,-17.57,-50.69,10.05,cross_ij2,12,0.011579906628115371,0.0056145001833286644,0.01614168802706991,0.02070346942602445,0.004912687660412582,0.007719937752076914,0.01579078176561187,0.01649259428852795,0.010878094105199288,0.011579906628115371,0.015088969242695788,0.0014036250458321661,0.02456343830206291,0.03228337605413982,0.031230657269765698,0.025967063347895072,0.025967063347895072,0.7006769589762906,0.021405281948940532
37,98,-88.42,-167.16,22.86,cross_gh,118,0.0026861021957710267,0.008142247280930924,0.00495250092345283,0.004364916068127918,0.005624026472395587,0.0052882636979242085,0.004197034680892229,0.0029379242766245602,0.003273687051095939,0.0,0.0020985173404461147,0.0,0.003357627744713784,0.0012591104042676687,0.006715255489427568,0.0,0.002770042889388871,0.00822618797454877,0.934106555509992
38,104,25.84,-40.15,-10.12,root_cross_right,53,0.9702436367333809,0.0,0.0,0.002798583109528478,0.0,0.003997975870754969,0.0020561018763882695,0.0007424812331402084,0.0,0.0034839504016579014,0.0009138230561725642,0.0,0.005254482572992244,0.0,0.0031412667555931898,0.005026026808949103,0.0,0.002341671581442196,0.0
39,30,-3.39,-65.84,7.3,cross_f30,39,0.0,0.7524863944377949,0.0,0.0,0.0,0.0,0.0,0.0,0.0,0.0,0.0,0.0,0.0,0.0,0.0,0.0,0.0,0.21025349289692696,0.03726011266527819
40,37,-0.45,-86.68,23.31,cross_f37,14,0.0,0.0,0.6124251187168903,0.0,0.0,0.0,0.0,0.0,0.04832604504776929,0.03479475243439389,0.0,0.0,0.0,0.0,0.0,0.07925471387834163,0.06668994216592161,0.07152254667069854,0.08698688108598472
41,60,-37.12,-85.22,-43.11,box,53,0.009598990831325364,0.011998738539156706,0.011114620962587264,0.8464161466987942,0.009220083298509889,0.0051784029484781575,0.007578150656309499,0.007957058189124974,0.011240923473525755,0.011493528495402739,0.008841175765694414,0.01161983100634123,0.008335965721940449,0.003410167795339274,0.006694033079740056,0.0036627728172162577,0.002399747707831341,0.011240923473525755,0.011998738539156706
42,10,16.28,-73.7,-0.83,cross_e_c,32,0.0,0.0,0.055937168278093946,0.008555096324884956,0.7124171466173288,0.0,0.0,0.0,0.0,0.0,0.05791142127614431,0.04804015628589244,0.053962915280043565,0.0,0.0,0.0,0.0,0.0,0.06317609593761198
43,14,-4.29,-70.77,3.04,cross_e_c,32,0.0,0.0,0.0,0.0,0.0,0.5568280517716149,0.0,0.0,0.06592640552157795,0.0,0.0,0.0,0.0,0.027469335633990816,0.0,0.0,0.05127609318344952,0.1721411699730091,0.12635894391635774
44,55,10.87,-76.5,-43.58,box,51,0.03949479731195705,0.06135798868107612,0.0,0.0,0.0,0.0,0.507725562075964,0.03737900459881649,0.013400020516556855,0.0,0.05430534630394094,0.04795796816451927,0.0,0.013400020516556855,0.07052642377135186,0.06629483834507076,0.0,0.04584217545137871,0.04231585426281112
45,53,-20.11,-51.71,-14.22,cross_k,20,0.012182526362965821,0.0014619031635558985,0.002761372642272253,0.005522745284544506,0.006172480023902683,0.007147082132939948,0.0,0.8979916459207662,0.004223275805828151,0.0,0.015268766374917161,0.0,0.012994694787163542,0.007959250557137669,0.015268766374917161,0.0,0.0,0.002923806327111797,0.008121684241977213
46,80,-37.35,-78.64,-31.08,box,38,0.0,0.007726862970038597,0.0,0.01303908126194013,0.0009658578712548247,0.02173180210323355,0.011107365519430482,0.005312218291901535,0.8087601414915447,0.0,0.0,0.027526949330762503,0.022697659974488377,0.008209791905666008,0.0,0.0,0.03960017272144781,0.025112304652625442,0.008209791905666008
47,80,-43.43,-87.89,-38.62,cross_gh,11,0.0,0.0,0.0,0.05896646514662066,0.0,0.0,0.0,0.0,0.09213510179159479,0.6848979518727458,0.0,0.0,0.0,0.0,0.0,0.0,0.16400048118903873,0.0,0.0
48,82,-43.23,-85.19,-34.7,cross_gh,9,0.0,0.0,0.01262755007910135,0.0,0.0,0.0,0.0,0.0,0.0,0.0,0.8266977609833677,0.0,0.03701178471460741,0.018723608737977866,0.0213362053060678,0.02656139844224767,0.0,0.03352832262382083,0.023513369112809414
49,45,-37.05,-85.07,25.9,cross_k,56,0.01333635218260386,0.023851552941964595,0.015388098672235223,0.014618693738623461,0.017439845161866585,0.02103040151872147,0.024108021253168514,0.0035905563568548854,0.02103040151872147,0.00666817609130193,0.00641170778009801,0.7368635127047777,0.004359961290466646,0.011028137381768575,0.022312743074741074,0.010258732448156815,0.019748059962701868,0.02103040151872147,0.0069246444025058505
50,38,2.57,-94.4,15.31,cross_f37,25,0.004537260764598754,0.0027521089883631783,0.0,0.002454583692323916,0.006917463132912854,0.0023802023683141002,0.0,0.0,0.006322412540834329,0.0,0.0,0.0031983969324220723,0.9703218517200836,0.0011157198601472345,0.0,0.0,0.0,0.0,0.0
51,224,-25.13,-65.6,-17.03,cross_bag_br,55,0.0,0.0,0.0,0.0,0.0,0.0,0.0,0.0,0.0,0.0,0.0,0.0,0.0,0.5358027050102772,0.46419729498972284,0.0,0.0,0.0,0.0
52,236,-61.33,-83.21,-39.04,cross_bag_br,100,0.0,0.0,0.0,0.0,0.0,0.0,0.0,0.0,0.0,0.0,0.0,0.09184985854360841,0.0,0.11021983025233009,0.5591206789906796,0.0,0.1272776611247145,0.0,0.11153197108866734
53,222,-5.0,-63.35,7.55,cross_bag_br,37,0.014757568865626765,0.0,0.020194567921383993,0.0,0.01864113961973907,0.0,0.003106856603289845,0.061360417914974444,0.0,0.0,0.024078138675496304,0.025631566977141224,0.0,0.06679741697073167,0.020971282072206457,0.6660129151463416,0.009320569809869535,0.0,0.06912755942319905
54,212,-15.79,-55.78,10.5,cross_ij2,13,0.020063068921280694,0.012037841352768416,0.021668114434983152,0.020865591678131925,0.012037841352768416,0.03370595578775157,0.030897126138772272,0.010432795839065962,0.0032100910274049112,0.031699648895623496,0.01645171651545017,0.017254239272301398,0.0,0.03490973992302841,0.028088296489792976,0.0036113524058305254,0.6805959427732113,0.018056762029152625,0.004413875162681753
55,214,-16.93,-52.08,10.41,cross_ij2,12,0.036599781365984956,0.06284113404348361,0.03176584797802468,0.021407419289538373,0.0,0.01243011442618357,0.06629394360631238,0.004833933387960278,0.0,0.035909219453419204,0.023479105027235634,0.02831303841519591,0.0,0.04419596240420825,0.002071685737697262,0.004143371475394524,0.027622476502630156,0.562183747433312,0.035909219453419204
56,98,-87.98,-164.81,24.88,cross_gh,118,0.0,0.15669907607088318,0.0,0.0,0.0,0.029381076763290596,0.0,0.0,0.0,0.0,0.0,0.0,0.0,0.004896846127215099,0.0,0.0,0.1811833067069587,0.0,0.6278396943316524
57,104,25.01,-39.22,-9.67,root_cross_right,53,0.6016042370436646,0.02838443094854298,0.033453079332211366,0.0,0.024329512241608266,0.01926086385793988,0.0,0.10137296767336779,0.0,0.0,0.04257664642281447,0.0,0.0,0.0,0.09326313025949837,0.010137296767336778,0.04054918706934711,0.0,0.005068648383668389
58,30,-0.56,-68.46,6.78,cross_f30,39,0.0,0.9645852443905987,0.0,0.0,0.0,0.009968597875238893,0.0,0.020724190319575588,0.0,0.0,0.0,0.0,0.0,0.0,0.004721967414586844,0.0,0.0,0.0,0.0
59,37,-1.65,-86.73,23.11,cross_f37,14,0.0,0.0,0.6214984051740143,0.0,0.0,0.0,0.04708632280131879,0.12858188149590902,0.0,0.0,0.0,0.05976340970936615,0.1430699808193917,0.0,0.0,0.0,0.0,0.0,0.0
60,60,-35.58,-83.91,-41.62,box,53,0.00803368070575279,0.0,0.002384998959520359,0.9393708159237719,0.0016318413933560354,0.0017573676543834228,0.0,0.0017573676543834228,0.004895524180068106,0.002259472698492972,0.008410259488834951,0.003891314091849008,0.0,0.004518945396985944,0.0,0.011799468536574409,0.009288943316026662,0.0,0.0
61,10,18.62,-75.32,-1.95,cross_e_c,32,0.006901600582771978,0.0010352400874157966,0.0,0.0,0.8806023099180448,0.0,0.0017254001456929945,0.0,0.003450800291385989,0.0,0.01276796107812816,0.0,0.0303670425641967,0.0,0.0013803201165543955,0.005866360495356182,0.03312768279730549,0.022775281923147525,0.0
62,14,-4.07,-68.43,7.12,cross_e_c,32,0.0,0.014659651001258534,0.0035385364485796458,0.04650647903847535,0.0,0.8311612608820569,0.0015165156208198482,0.0419569321760158,0.0005055052069399495,0.04347344779683565,0.016681671829018332,0.0,0.0,0.0,0.0,0.0,0.0,0.0,0.0
63,55,9.74,-76.6,-44.15,box,51,0.035908833597297254,0.015710114698817546,0.015149039173859779,0.03478668254738171,0.0,0.0,0.8109175480892317,0.0,0.0,0.0,0.0,0.021881945473353013,0.03815313569712833,0.016271190223775316,0.0,0.0,0.0,0.011221510499155391,0.0
64,53,-18.02,-53.12,-14.91,cross_k,20,0.0,0.0,0.02000020061849236,0.0,0.009705979711915409,0.0,0.015588391658530812,0.8458808069986765,0.0,0.0,0.02264728599446929,0.01205894449056157,0.01382366807454619,0.014411909269207731,0.0,0.024412009578453908,0.0,0.01264718568522311,0.0088236179199231
65,80,-37.35,-79.84,-34.09,box,38,0.002859472046442655,0.002253936789548916,0.002422141027574955,0.002623986113206201,0.0006391761044989464,0.002253936789548916,0.00030276762844686937,3.3640847605207704e-05,0.9746011600580682,0.0023548593323645395,0.001244711361392685,0.0017493240754708006,0.001244711361392685,0.002388500179969747,0.0,0.00033640847605207705,0.0,0.00016820423802603853,0.0025230635703905775
66,80,-40.3,-88.34,-40.24,cross_gh,11,0.004325569393263021,0.02451155989515712,0.00913175760799971,0.03652703043199884,0.034604555146104166,0.0,0.015379802287157409,0.002883712928842014,0.010092995250947048,0.6741404390408524,0.047581263325893235,0.001922475285894676,0.000480618821473669,0.037968886896419855,0.03652703043199884,0.03748826807494618,0.011534851715368055,0.011054232893894386,0.003844950571789352
67,82,-40.83,-85.79,-36.96,cross_gh,9,0.12166321356517965,0.0,0.0,0.0,0.0,0.08998008503258077,0.0,0.0,0.0,0.0,0.6869706900979232,0.10138601130431636,0.0,0.0,0.0,0.0,0.0,0.0,0.0
68,45,-35.32,-83.97,24.16,cross_k,56,0.0,0.004135999074848424,0.0,0.002067999537424212,0.0,0.01240799722454527,0.011994397317060429,0.0,0.009926397779636217,0.01778479602184822,0.0,0.8864668253954108,0.0004135999074848424,0.0026883993986514753,0.0018611995836817906,0.00703119842724232,0.0074447983347271625,0.01964599560553001,0.01613039639190885
69,38,3.43,-93.74,14.97,cross_f37,25,0.06418772648728041,0.010697954414546735,0.0,0.04279181765818694,0.009875034844196986,0.07653152004252664,0.0,0.005760436992448242,0.023864667540142714,0.0,0.015635471836645227,0.0,0.5548005124407859,0.05431269164308342,0.032093863243640205,0.0,0.04279181765818694,0.05019809379133468,0.01645839140699498
70,224,-25.44,-64.5,-17.7,cross_bag_br,55,0.005003021461270341,0.0,0.0,0.004802900602819528,0.019211602411278113,0.00600362575352441,0.0016009668676065093,0.002601571159860578,0.006203746611975224,0.005603384036622783,0.0,0.010806526356343937,0.01640991039296672,0.8933355824457163,0.0040024171690162735,0.011607009790147192,0.005003021461270341,0.0,0.007804713479581732
71,236,-63.1,-82.16,-39.45,cross_bag_br,100,0.0,0.056945764889569796,0.05758560494450878,0.0,0.061424645274142695,0.008317920714206823,0.014716321263596689,0.0,0.043509123735851085,0.002559360219755946,0.019195201648169596,0.03583104307658324,0.042229443625973105,0.0,0.5975406054433775,0.021754561867925543,0.033271682856827293,0.0,0.005118720439511892
72,222,-4.81,-61.61,6.24,cross_bag_br,37,0.007455140426267255,0.004473084255760353,0.00873316449934164,0.0012780240730743866,0.008520160487162578,0.013632256779460124,0.0095851805480579,0.01831834504739954,0.005112096292297546,0.0021300401217906446,0.003408064194865031,0.014058264803818252,0.014058264803818252,0.008946168511520705,0.008307156474983512,0.8589913439374594,0.0,0.0,0.012993244742922929
73,212,-13.6,-54.97,9.33,cross_ij2,13,0.0,0.023363082449664653,0.03738093191946344,0.005191796099925479,0.008306873759880765,0.01453702907979134,0.04257272801938892,0.020767184399701915,0.0,0.0,0.018171286349739173,0.021805543619687007,0.02128636400969446,0.010902771809843503,0.0,0.017132927129754078,0.7585814813534653,0.0,0.0
74,214,-18.81,-52.7,11.99,cross_ij2,12,0.0,0.016411674831334305,0.0031260333012065344,0.018756199807239207,0.018951576888564615,0.01563016650603267,0.017779314400612166,0.011722624879524505,0.0,0.018756199807239207,0.00488442703313521,0.0,0.005665935358436843,0.00859659157831797,0.01328564153012777,0.0060566895210876605,0.014848658180731038,0.8167362977167669,0.008791968659643379
75,98,-87.53,-165.72,22.06,cross_gh,118,0.0,0.0,0.0,0.0,0.10054034069707078,0.0,0.0,0.0,0.0,0.0,0.0,0.0,0.06258123247470733,0.0,0.0,0.0,0.0,0.0,0.8368784268282219
76,104,24.69,-39.64,-10.01,root_cross_right,53,0.8898672366931512,0.0,0.0,0.0,0.0,0.0,0.06928882459702411,0.0036467802419486374,0.0,0.0,0.0,0.0371971584678761,0.0,0.0,0.0,0.0,0.0,0.0,0.0
77,30,-0.8,-67.38,6.1,cross_f30,39,0.00771752139862983,0.8307792259178484,0.01148216598332731,0.0,0.0003764644584697478,0.01204686267103193,0.016940900631138654,0.01016454037868319,0.013364488275676045,0.003764644584697478,0.01261155935873655,0.01148216598332731,0.01204686267103193,0.0033881801262277303,0.009035147003273947,0.0005646966877046217,0.007905753627864704,0.018070294006547895,0.01825852623578277
78,37,0.9,-87.69,21.71,cross_f37,14,0.0030997479499722093,0.006410842351078888,0.9539264736526858,0.0,0.004508724290868669,0.001479425157941282,0.004790519559047961,0.0030997479499722093,0.006763086436303004,0.0,0.0011976298897619902,0.004720070742003138,0.0,0.006199495899944419,0.0,0.0,0.0,0.0,0.0038042361204204396
79,60,-38.25,-83.21,-42.48,box,53,0.0014016665950548528,0.0,0.0,0.9888208542296845,0.0,0.0,0.0,0.0,0.0,0.0,0.0,0.002393089308630237,0.0030768291110960188,0.0023247153283836586,0.0,0.0,0.001982845427150768,0.0,0.0
80,10,16.46,-75.68,-2.28,cross_e_c,32,0.0,0.0,0.0,0.038059417565538774,0.8134160260811392,0.027384215077643752,0.0,0.0,0.039451835281351176,0.0,0.0,0.0,0.03759527832693465,0.0,0.0,0.0,0.0,0.0,0.04409322766739249
81,14,-4.34,-68.92,5.75,cross_e_c,32,0.008984417801707575,0.0032087206434669915,0.0,0.0002139147095644661,0.0,0.9176428368176806,0.005454825093893885,0.004813080965200487,0.010695735478223304,0.0029948059339025253,0.0013904456121690296,0.0032087206434669915,0.002032189740862428,0.009519204575618742,0.0,0.010481820768658837,0.005561782448676118,0.00802180160866748,0.0057756971582405845
82,55,13.64,-76.01,-44.57,box,51,0.006313238170891149,0.019226679884077592,0.01090468411335744,0.0,0.004017515199658004,0.00545234205667872,0.7437399233361002,0.01750488765565273,0.0146352339416113,0.011478614856165725,0.026400814169181167,0.02152240285531074,0.024105091197948025,0.02152240285531074,0.019226679884077592,0.008608961142124295,0.02439205656935217,0.0057393074280828625,0.015209164684419588
83,53,-16.97,-50.93,-13.55,cross_k,20,0.022814795441935033,0.02479869069775547,0.003967790511640875,0.0009919476279102188,0.02455070379077792,0.011903371534922626,0.02479869069775547,0.8393044842785445,0.0,0.010415450093057298,0.0044637643255959845,0.0,0.003967790511640875,0.016367135860518613,0.0,0.0,0.011655384627945072,0.0,0.0
84,80,-36.95,-80.03,-34.09,box,38,0.01856512061724998,0.03570215503317304,0.03177491797952401,0.01820809906691825,0.019993206818576904,0.013923840462937487,0.0074974525569663384,0.006069366355639417,0.6558312254802119,0.014994905113932677,0.021064271469572092,0.01785107751658652,0.029632788677533623,0.024277465422557667,0.0010710646509951912,0.032131939529855734,0.02356342232189421,0.011067668060283642,0.016780012865591328
85,80,-42.32,-87.33,-38.84,cross_gh,11,0.011453619790774978,0.007330316666095986,0.004276018055222658,0.0022907239581549956,0.001985294097067663,0.012217194443493309,0.013438913887842642,0.0027488687497859944,0.00030542986108733275,0.8776753406345232,0.011911764582405978,0.00030542986108733275,0.006719456943921321,0.003970588194135326,0.013591628818386306,0.0,0.014813348262735638,0.005955882291202989,0.009010180902076316
86,82,-41.64,-84.62,-36.53,cross_gh,9,0.0,0.0,0.03547379411188251,0.0,0.0,0.03386134892497876,0.0,0.012093338901778128,0.06046669450889064,0.07820359156483189,0.6887980789275762,0.0,0.0,0.02499290039700813,0.0,0.06611025266305377,0.0,0.0,0.0
87,45,-33.15,-82.3,23.67,cross_k,56,0.0,0.0,0.0,0.0,0.0,0.0,0.0,0.0,0.0,0.0,0.0,0.7099061949826069,0.0,0.0,0.2644972928099761,0.0,0.025596512207417044,0.0,0.0
88,38,3.04,-94.45,15.6,cross_f37,25,0.0,0.01523710711115991,0.017864194544118514,0.0,0.04833840876643833,0.0,0.04360965138711284,0.02522003935640261,0.032050466682094984,0.0,0.0,0.03152504919550326,0.6626819736081151,0.023643786896627446,0.005779592352508931,0.017338777057526795,0.0,0.03310130165527842,0.04360965138711284
89,224,-27.26,-66.74,-19.12,cross_bag_br,55,0.03338193268030337,0.0,0.00901312182368191,0.0,0.019361520954575953,0.01268513441851528,0.0,0.0,0.03004373941227303,0.022699714222606294,0.03137901671948517,0.011016037784500114,0.027707004124651796,0.7139168369298001,0.021698256242197192,0.01168367643810618,0.0,0.025036449510227526,0.030377558739076067
90,236,-62.58,-80.27,-39.1,cross_bag_br,100,0.0,0.15491567223999456,0.0,0.0,0.0,0.0,0.06124573088557925,0.0,0.0,0.0,0.0,0.0,0.0,0.12789549684929785,0.6559431000251283,0.0,0.0,0.0,0.0
91,222,-4.98,-63.21,7.89,cross_bag_br,37,0.010820348733454856,0.0,0.004823528953467827,0.0052146258956408936,0.0,0.011211445675627922,0.0,0.0,0.010820348733454856,0.006779013664333163,0.003650238126948626,0.0031287755373845365,0.006127185427378051,0.003650238126948626,0.009777423554326677,0.9196947612071302,0.0,0.004302066363903737,0.0
92,212,-16.72,-54.13,9.95,cross_ij2,13,0.10778494672204453,0.0,0.0,0.0,0.0,0.0,0.0,0.0,0.0,0.0,0.0,0.0,0.0,0.0,0.0,0.0,0.8922150532779555,0.0,0.0
93,214,-17.0,-50.6,9.81,cross_ij2,12,0.0,0.0,0.0,0.0,0.03987895528198357,0.0,0.0,0.0,0.0,0.0,0.052016028628674216,0.0,0.0,0.0,0.0,0.0,0.11616913060403908,0.7919358854853031,0.0
94,98,-88.83,-165.59,24.14,cross_gh,118,0.006080558328608255,0.0016214822209622013,0.022700751093470816,0.02391686275919247,0.02715982720111687,0.02513297442491412,0.01175574610197596,0.004864446662886604,0.0004053705552405503,0.010134263881013758,0.01662019276486256,0.018241674985824765,0.010945004991494858,0.03324038552972512,0.02999742108780072,0.002837593886683852,0.0016214822209622013,0.019052416096305865,0.7336715452069584
95,104,23.15,-37.51,-8.13,root_cross_right,53,0.7806495719798208,0.0,0.0,0.03031672582392721,0.0,0.05617510961492395,0.0,0.0,0.0,0.0,0.013375026098791416,0.0,0.0,0.007133347252688756,0.07579181455981802,0.0,0.03655840467002987,0.0,0.0
96,30,-2.28,-68.26,5.68,cross_f30,39,0.06556843214142291,0.6459304664363162,0.0,0.0,0.0711885834678306,0.0,0.0,0.0,0.0,0.0,0.05432812948860756,0.0,0.05339143760087294,0.0,0.07493535101876904,0.0,0.0,0.034657599846180685,0.0
97,37,-0.97,-87.1,23.36,cross_f37,14,0.0,0.01726616090892909,0.8080645368728347,0.03533539906943628,0.03212309006312389,0.0,0.0,0.0,0.032926167314701986,0.01766769953471814,0.004015386257890486,0.0,0.006424618012624778,0.0,0.0,0.032926167314701986,0.013250774651038605,0.0,0.0
98,60,-37.45,-82.76,-39.82,box,53,0.0,0.0,0.0,0.767429674922302,0.03426450461549879,0.003426450461549879,0.018845477538524336,0.0,0.0,0.0,0.0,0.026554991077011564,0.0,0.038119261384742406,0.0,0.0,0.0368343424616612,0.03769095507704867,0.0368343424616612
99,10,17.92,-75.0,-0.31,cross_e_c,32,0.0,0.0,0.0,0.0,0.6763670267853245,0.0,0.0,0.0,0.09484108278496534,0.0,0.0,0.0,0.003910972485977952,0.07626396347657007,0.0899523671774929,0.0,0.05866458728966928,0.0,0.0
100,14,-4.99,-69.66,5.17,cross_e_c,32,0.008884439471271755,0.0,0.05275135936067605,0.0,0.0,0.7373537581305287,0.047753862158085685,0.04830913962504017,0.0,0.0,0.0,0.0,0.0,0.0327613705503146,0.0,0.04164581002158635,0.014992491607771087,0.015547769074725572,0.0
101,55,10.96,-75.85,-44.18,box,51,0.022519293752252537,0.007383375000738536,0.0,0.028425993752843368,0.01735093125173556,0.028425993752843368,0.7397360312239666,0.018827606251883268,0.03470186250347112,0.005537531250553902,0.002584181250258488,0.007752543750775464,0.01735093125173556,0.0,0.0,0.002215012500221561,0.005537531250553902,0.03396352500339727,0.02768765625276951
102,53,-20.55,-53.84,-14.27,cross_k,20,0.0,0.0,0.0,0.0,0.0,0.00416832245176214,0.0,0.9062127448353519,0.0,0.0,0.0,0.0,0.0,0.0,0.03334657961409712,0.0,0.0,0.0,0.056272353098788884
103,80,-35.3,-81.09,-32.07,box,38,0.022722698165545882,0.017204328611056165,0.0,0.0,0.0,0.0,0.01785354855864319,0.0,0.8932033186219344,0.0,0.020450428348991294,0.0,0.0,0.0,0.0,0.01752893858484968,0.0,0.011036739108979428,0.0
104,80,-43.12,-89.09,-37.51,cross_gh,11,0.0,0.0,0.0,0.0,0.11891278741615555,0.0,0.0,0.0,0.0,0.8319365937851668,0.0,0.0,0.033295580476523555,0.0,0.015855038322154076,0.0,0.0,0.0,0.0
105,82,-41.67,-85.54,-37.05,cross_gh,9,0.0,0.0,0.0,0.0,0.0,0.0,0.0,0.0,0.0,0.28003596408678755,0.7199640359132125,0.0,0.0,0.0,0.0,0.0,0.0,0.0,0.0
106,45,-35.64,-84.82,22.89,cross_k,56,0.0,0.0,0.0,0.0,0.0,0.0,0.0,0.0,0.0,0.0,0.0,0.6230207191205296,0.3769792808794704,0.0,0.0,0.0,0.0,0.0,0.0
107,38,2.28,-94.02,15.73,cross_f37,25,0.0067374537858848225,0.0,0.007735595087497388,0.00012476766270157078,0.0,0.0,0.0,0.011603392631246082,0.0,0.010106180678827233,0.002869656242136128,0.009108039377214668,0.9331245327919581,0.009108039377214668,0.0,0.007735595087497388,0.0,0.0017467472778219908,0.0
108,224,-26.89,-66.27,-19.26,cross_bag_br,55,0.0006398680658505211,0.0,0.0,0.0,0.0,0.0,0.0,0.0,0.04799010493878909,0.0,0.0,0.030713667160825017,0.062067202387500554,0.7760461769523176,0.0,0.0,0.03519274362177866,0.0,0.047350236872938566
109,236,-61.48,-80.52,-36.77,cross_bag_br,100,0.0,0.0,0.0,0.0,0.0,0.0,0.0,0.0,0.48016572150360615,0.0,0.0,0.0,0.0,0.0,0.5198342784963939,0.0,0.0,0.0,0.0
110,222,-3.96,-62.76,6.06,cross_bag_br,37,0.0,0.0,0.07373903796112588,0.0,0.061700011355227784,0.0,0.0,0.0,0.0,0.12791465768766733,0.13092441433914187,0.0,0.0,0.0,0.0,0.6057218786568371,0.0,0.0,0.0
111,212,-16.52,-56.0,10.97,cross_ij2,13,0.030448140037470574,0.02670889476971103,0.030982317932864795,0.0,0.04967854427166251,0.0,0.0,0.04700765479469141,0.02617471687431681,0.002670889476971103,0.025106361083528365,0.0,0.02884560635128791,0.005341778953942206,0.041131697945354984,0.0,0.6207336942701034,0.02029876002498038,0.04487094321311453
112,214,-16.07,-51.46,11.56,cross_ij2,12,0.0,0.05348433868926292,0.026427555587635793,0.06229352388514151,0.022022962989696495,0.0,0.0,0.052225883661280254,0.060405841343167524,0.028315238129609777,0.03901210586746236,0.042158243437419,0.035236740783514395,0.016359915363774537,0.0,0.0075507301678959405,0.0,0.5085733115727725,0.04593360852136698
113,98,-89.49,-163.63,23.58,cross_gh,118,0.008185671159043548,0.005116044474402217,0.0,0.0920888005392399,0.0,0.050137235849141724,0.0706014137467506,0.06548536927234838,0.0,0.055253280323543943,0.0,0.0,0.03581231132081552,0.0,0.0,0.0,0.0,0.0,0.6173198733147142
114,104,26.16,-38.26,-9.24,root_cross_right,53,0.6542572541364688,0.0,0.0,0.14341921309894626,0.0,0.0,0.0,0.0,0.01024422950706759,0.0,0.07427066392624003,0.0,0.09475912294037521,0.0,0.0,0.0,0.0,0.0,0.023049516390902077
115,30,-1.77,-66.69,6.78,cross_f30,39,0.03388097144031463,0.6112158527223897,0.0,0.03557502001233036,0.018634534292173044,0.07199706431066857,0.0,0.0,0.0,0.0,0.0,0.042351214300393285,0.040657165728377555,0.0,0.06860896716663713,0.002541072858023597,0.002541072858023597,0.07199706431066857,0.0
116,37,-1.2,-86.5,22.7,cross_f37,14,0.0,0.02317510326531722,0.8092252368884032,0.020488134770787685,0.007053292298140022,0.008396776545404789,0.009740260792669556,0.02216749007986864,0.0,0.0,0.013434842472647663,0.015450068843544811,0.02854904025437628,0.0026869684945295324,0.013770713534463854,0.0,0.002015226370897149,0.0238468453889496,0.0
117,60,-36.24,-83.57,-41.3,box,53,0.00276713446020557,0.0,0.0,0.9847493157590943,3.1444709775063294e-05,0.0,0.0,0.0,0.002106795554929241,0.0019495720060539242,0.0,0.0,0.001257788391002532,0.000628894195501266,0.001257788391002532,0.0013521225203277218,0.0019810167158289876,0.0,0.001918127296278861
118,10,16.24,-73.65,-2.75,cross_e_c,32,0.016678265799832188,0.0,0.0,0.002953442902053617,0.8999304052010069,0.005906885804107234,0.006949277416596746,0.0,0.014767214510268084,0.0,0.0,0.003300906772883454,0.010423916124895119,0.005211958062447559,0.0,0.0,0.0102501841894802,0.008165400964501177,0.01546214225192776
119,14,-4.74,-69.79,4.98,cross_e_c,32,0.04295880430693958,0.0,0.0,0.0,0.0,0.5182476945578918,0.0,0.10126003872350046,0.0,0.0,0.0,0.0,0.02147940215346979,0.10739701076734898,0.0,0.0,0.13808187098659153,0.07057517850425789,0.0
120,55,11.76,-76.65,-42.9,box,51,0.016967158666050527,0.0,0.0,0.010411665545076458,0.0098332396814611,0.01465345521158909,0.8995467083521327,0.0,0.0,0.005398641393743349,0.00501302415133311,0.0,0.005977067257358708,0.0,0.0,0.0,0.01426783796917885,0.0,0.017931201772076123
121,53,-18.89,-52.56,-15.23,cross_k,20,0.019980745326075428,0.004726627926598488,0.0,0.009023562405324386,0.019336205154266543,0.010312642748942155,0.0,0.8074973353530798,0.0210549789457569,0.009668102577133271,0.010097796025005861,0.018261971534585066,0.014394730503731757,0.0004296934478725898,0.009882949301069565,0.0,0.013105650160113988,0.012031416540432514,0.020195592050011722
122,80,-36.96,-79.65,-33.85,box,38,0.0,0.0,0.0,0.0,0.0005358582429219966,0.0020317958377459033,0.0,0.0,0.9854648451607408,0.0011833536197860758,0.00154059244840074,0.0018308489966501547,0.002009468410957487,0.0002009468410957487,0.0,0.001696884435919656,0.002188087825264819,0.0013173181805165748,0.0
123,80,-43.02,-87.07,-37.62,cross_gh,11,0.006354234906373378,0.007319435145316169,0.004745567841468725,0.0,0.0050673012544496555,0.007962901971278028,0.007560735205051866,0.0045847011349782595,0.0,0.9387097848271327,0.0048260011947139575,0.0017695337713951177,0.0021717005376212808,0.0,0.0,0.0028956007168283743,0.0,0.0022521338908665133,0.003780367602525933
124,82,-41.45,-84.23,-36.91,cross_gh,9,0.0,0.03781631735178564,0.0,0.00876900112505174,0.0,0.03507600450020696,0.010413188835998942,0.03014344136736536,0.00876900112505174,0.0,0.6837678969278216,0.0,0.010413188835998942,0.012057376546946143,0.03781631735178564,0.05316206932062618,0.03178762907831256,0.0,0.04000856763304857
125,45,-34.83,-84.1,24.73,cross_k,56,0.014465319851238723,0.019208047671316994,0.0,0.01897091128031308,0.022527957145371782,0.019682320453324822,0.0,0.00948545564015654,0.0,0.023239366318383522,0.011145410377183935,0.79701124930065,0.02300222992737961,0.0,0.011382546768187849,0.0011856819550195674,0.012331092332203503,0.01636241097927003,0.0
126,38,1.07,-94.24,14.27,cross_f37,25,0.0,0.0,0.15533051805010317,0.0,0.0,0.0,0.0,0.0,0.0,0.0,0.0,0.0,0.7509355486438001,0.0,0.0,0.0,0.09373393330609675,0.0,0.0
127,224,-25.25,-65.76,-18.03,cross_bag_br,55,0.028503477734396446,0.022291181305104914,0.0186368892878746,0.02411832731372007,0.03325405735679585,0.015348026472367318,0.022291181305104914,0.035081203365411005,0.01023201764824488,0.006577725631014565,0.012790022060306099,0.0018271460086151567,0.004750579622399408,0.6934048997543767,0.021925752103381883,0.0,0.006577725631014565,0.02046403529648976,0.021925752103381883
128,236,-61.15,-78.94,-36.95,cross_bag_br,100,0.017143766274133897,0.002142970784266737,0.02437629267103414,0.02437629267103414,0.010982725269367027,0.0,0.015268666837900503,0.024108421323000794,0.0,0.010714853921333686,0.009107625833133634,0.0,0.004285941568533474,0.009107625833133634,0.8146330271609272,0.0,0.02491203536710082,0.0,0.008839754485100292
129,222,-5.64,-62.19,4.58,cross_bag_br,37,0.03402234536848176,0.025791132779332947,0.04499729548734684,0.03402234536848176,0.03731483040414128,0.005487475059432542,0.008231212589148813,0.03347359786253851,0.03621733539225478,0.014267435154524609,0.0032924850356595248,0.04115606294574407,0.048289780523006365,0.024144890261503182,0.00932870760103532,0.5094197296867308,0.0032924850356595248,0.04499729548734684,0.04225355795763057
130,212,-15.85,-55.2,9.85,cross_ij2,13,0.0,0.0,0.01477492915226042,0.006648718118517189,0.0,0.0156983622242767,0.0,0.0,0.0,0.01717585513950274,0.012928063008227868,0.018099288211519012,0.011450570093001825,0.011265883478598571,0.017360541753905993,0.0,0.8745977888201897,0.0,0.0
131,214,-17.85,-51.58,10.88,cross_ij2,12,0.00912901728516926,0.01825803457033852,0.025005569085463628,0.007144448310132464,0.00912901728516926,0.0,0.0,0.0,0.03611915534566968,0.0,0.0,0.0015876551800294363,0.03175310360058873,0.0,0.019845689750367955,0.02103643113539003,0.005953706925110386,0.8150381715265707,0.0
132,98,-88.95,-165.72,24.1,cross_gh,118,0.005980317374347975,0.008970476061521963,0.0,0.004485238030760981,0.009967195623913292,0.00485900786665773,0.008596706225625216,0.011462274967500286,0.0022426190153804907,0.0,0.011088505131603537,0.007599986663233885,0.010340965459810041,0.0,0.0011213095076902453,0.01009178556921221,0.011711454858098118,0.007101626882038221,0.8843805307626058
133,104,25.41,-37.82,-9.85,root_cross_right,53,0.9395317533458141,0.0031342580440222793,0.006803633315072753,0.004510273770666207,0.0018346876355252368,0.003592929952903589,0.003516484634756704,0.005504062906575711,0.005504062906575711,0.0,0.0,0.0051218363158412866,0.0015289063629376973,0.007491641178394717,0.005733398861016365,0.002446250180700316,0.003516484634756704,0.0002293359544406546,0.0
134,30,-2.51,-68.48,6.52,cross_f30,39,0.0,0.8901544477003236,0.0,0.0,0.0,0.0,0.0,0.0068653470187297755,0.0,0.0,0.0,0.054922776149838204,0.0,0.0,0.0,0.0,0.04805742913110843,0.0,0.0
135,37,-0.33,-87.71,23.9,cross_f37,14,0.0069584687795581175,0.03415975582692166,0.865891328975789,0.05187222181125142,0.017712465984329753,0.0,0.0,0.0,0.0,0.004428116496082438,0.0,0.0,0.012651761417378395,0.0,0.0,0.0,0.0,0.0063258807086891975,0.0
136,60,-38.16,-84.61,-42.88,box,53,0.0,0.0,0.0,0.8955016052384286,0.0,0.0,0.10449839476157141,0.0,0.0,0.0,0.0,0.0,0.0,0.0,0.0,0.0,0.0,0.0,0.0
137,10,18.05,-74.52,-1.58,cross_e_c,32,0.005199177842798337,0.006333543917590702,0.0029304456932136083,0.006049952398892612,0.9250373085574712,0.0,0.005388238855263732,0.008224154042244643,0.006333543917590702,0.0035921592368424876,0.008224154042244643,0.003781220249307882,0.008602276067175433,0.0003781220249307882,0.004537464299169458,0.0,0.0,0.0,0.005388238855263732
138,14,-3.74,-70.68,5.78,cross_e_c,32,0.005227149762728233,0.014934713607794954,0.00672062112350773,0.030616162895979654,0.008214092484287224,0.5310499927152385,0.015681449288184702,0.008214092484287224,0.06197906147234906,0.02837595585481041,0.02912269153520016,0.04555087650377461,0.023895541772471926,0.0,0.024642277452861676,0.0485378192253336,0.05227149762728234,0.05525844034884133,0.009707563845066719
139,55,12.44,-76.78,-42.14,box,51,0.0,0.0,0.0,0.01897506078070502,0.0,0.0,0.8945209856601986,0.0,0.0,0.0,0.0,0.013673205562566853,0.013394160551085898,0.0,0.01841697075774311,0.015347475631452591,0.0,0.0,0.02567214105624797
140,53,-18.87,-52.81,-15.45,cross_k,20,0.021836388331433143,0.029508632880315057,0.0,0.010623107836913422,0.04603346729329149,0.0,0.03777105008680327,0.651207959354676,0.01003293517930712,0.0,0.023606906304252048,0.0017705179728189034,0.0,0.023016733646645745,0.05311553918456711,0.027738114907496152,0.0,0.006491899233669313,0.05724674778781122
141,80,-36.52,-77.37,-35.29,box,38,0.2572557671598211,0.0,0.0,0.10538188052330022,0.0,0.0,0.0,0.0,0.5598756754615108,0.0,0.0,0.07748667685536781,0.0,0.0,0.0,0.0,0.0,0.0,0.0
142,80,-43.52,-85.35,-37.26,cross_gh,11,0.035435171958583006,0.0,0.02720275827123544,0.03257172371950559,0.011453792956309659,0.010379999866655628,0.028992413420658822,0.00894827574711692,0.029350344450543502,0.6309731081888982,0.02827655136088947,0.034361378868928975,0.0,0.0057268964781548295,0.0340034478390443,0.0,0.03149793062985156,0.022191723852849964,0.02863448239077415
143,82,-41.7,-85.58,-35.84,cross_gh,9,0.0,0.013433141536567945,0.0,0.019154664783624663,0.0,0.007960380169818041,0.0,0.019900950424545105,0.0,0.004228951965215835,0.8907935345453087,0.019403426663931474,0.0,0.009204189571352111,0.013930665297181575,0.0,0.0,0.0019900950424545103,0.0
144,45,-33.44,-84.31,24.85,cross_k,56,0.0,0.004250890280432933,0.0,0.0,0.0,0.0,0.0,0.0,0.0,0.0,0.07368209819417085,0.8271304619290607,0.0,0.09493654959633553,0.0,0.0,0.0,0.0,0.0
145,38,1.74,-93.8,16.8,cross_f37,25,0.0,0.01808794331753117,0.04188786873533534,0.0,0.0,0.009995968675477753,0.004759985083560834,0.010471967183833836,0.0,0.0,0.02475192243451634,0.013803956742326422,0.82864053699181,0.0,0.0,0.04759985083560835,0.0,0.0,0.0
146,224,-27.0,-66.23,-17.02,cross_bag_br,55,0.0,0.0979612404549625,0.0,0.0,0.0,0.01583211966948889,0.07520256843007223,0.0,0.0,0.0009895074793430556,0.0,0.04056980665306528,0.0,0.769444757313068,0.0,0.0,0.0,0.0,0.0
147,236,-59.05,-80.69,-39.25,cross_bag_br,100,0.00690340334512756,0.0,0.02623293271148473,0.0,0.0,0.0,0.014727260469605461,0.011505672241879266,0.01426703357993029,0.0,0.03865905873271434,0.039119285622389505,0.04556246207784189,0.0,0.7454945300096306,0.03497724361531297,0.0,0.02255111759408336,0.0
148,222,-4.97,-62.26,7.39,cross_bag_br,37,0.0,0.0,0.0,0.15041381891198363,0.0,0.0,0.0,0.01157029376246028,0.0,0.09719046760466635,0.0,0.07636393883223784,0.0,0.0,0.0,0.5163617207291603,0.0,0.14809976015949158,0.0
149,212,-18.54,-55.86,9.32,cross_ij2,13,0.0,0.0,0.0,0.0,0.05248170004177095,0.0,0.0,0.0,0.044016909712453055,0.0,0.016929580658635788,0.0,0.0,0.0,0.0,0.009311269362249684,0.8772605402248905,0.0,0.0
150,214,-17.47,-53.39,8.64,cross_ij2,12,0.018316712365708903,0.0076631143570822955,0.01196193460617724,0.005607156846645581,0.013644081660170915,0.0,0.014765513029500032,0.0016821470539936745,0.0,0.013830986888392434,0.0,0.018690522822151938,0.014204797344835474,0.011401218921512683,0.0,0.007102398672417737,0.00317738887976583,0.8579520265516453,0.0
151,98,-89.44,-166.38,23.69,cross_gh,118,0.036261204991231644,0.0042660241166154874,0.0,0.0,0.0,0.0,0.0,0.0,0.023463132641385182,0.041949237146718964,0.0,0.0,0.03981622508841122,0.06967839390471964,0.05048128537994994,0.06043534165205274,0.06541236978810415,0.0,0.608236785290811
152,104,25.11,-39.64,-8.28,root_cross_right,53,0.9719398767752767,0.0015109297121004847,0.0,0.0032916683013617704,0.004910521564326575,0.003453553627658251,0.005072406890623056,0.0051803304414873765,0.0016728150383969653,0.0,0.0007015030806180822,5.3961775432160174e-05,0.0,0.0,0.0010792355086432035,0.0,0.0,0.0011331972840753636,0.0
153,30,-1.21,-68.85,7.58,cross_f30,39,0.0,0.7876925277595181,0.007976870344295561,0.0,0.0,0.03129387596608259,0.0,0.0,0.04786122206577337,0.03497550843268054,0.004295237877697609,0.0006136054110996585,0.015340135277491465,0.04908843288797268,0.0,0.0,0.0,0.0,0.020862583977388393
154,37,-1.9,-86.99,25.35,cross_f37,14,0.0022002065415732035,0.0013501267414199204,0.9830984133851877,0.0010250962295966061,0.0,0.0006000563295199647,0.001250117353166593,0.0023502206239531943,0.00017501642944332303,0.00020001877650665487,0.00010000938825332743,0.0010000938825332742,0.0004750445942033053,2.500234706333186e-05,0.00010000938825332743,0.00027502581769665044,0.001050098576659938,0.002300215929826531,0.0024252276651431904
155,60,-37.48,-82.02,-40.88,box,53,0.0,0.0,0.0,0.6109945168423678,0.0,0.0,0.07131767191223257,0.0,0.0,0.3176878112453996,0.0,0.0,0.0,0.0,0.0,0.0,0.0,0.0,0.0
156,10,17.63,-72.23,-2.53,cross_e_c,32,0.07342736456302791,0.0,0.09047300276515939,0.0,0.5096101009540636,0.0,0.10620743802866538,0.0,0.0,0.0,0.0,0.11669706153766937,0.0,0.009178420570378489,0.09440661158103589,0.0,0.0,0.0,0.0
157,14,-4.72,-69.84,4.92,cross_e_c,32,0.013407320102911497,0.0033002634099474457,0.014438652418520074,0.0037127963361908763,0.0,0.8366369612076014,0.01856398168095438,0.00845692498799033,0.015263718271006936,0.0016501317049737228,0.015882517660372082,0.014644918881641789,0.017120116439102374,0.014851185344763505,0.002268931094338869,0.002268931094338869,0.009694523766720621,0.0033002634099474457,0.004537862188677738
158,55,11.09,-76.42,-43.35,box,51,0.0,0.011473813149620293,0.007424232037989601,0.03205918380040964,0.02092283574342524,0.0,0.7421766692261793,0.01046141787171262,0.03205918380040964,0.015860859353886876,0.013161138612799748,0.03340904417095321,0.001012395277907673,0.021935231021332914,0.0,0.023960021577148258,0.0259848121329636,0.008099162223261383,0.0
159,53,-19.85,-53.26,-14.19,cross_k,20,0.025343147921614594,0.012493101088119869,0.0003569457453748534,0.034980683046735635,0.016419504287243255,0.018204233014117523,0.022487581958615766,0.666255728074512,0.008209752143621627,0.018204233014117523,0.007138914907497068,0.019988961740991792,0.014991721305743845,0.0,0.011779209597370163,0.03319595431986137,0.025700093666989447,0.03283900857448651,0.0314112255929871
160,80,-36.41,-80.25,-33.71,box,38,0.012753617915317247,0.002915112666358228,0.02477845766404494,0.005830225332716456,0.013118006998612026,0.03534574107959352,0.023685290414160606,0.01749067599814937,0.6902692791994383,0.036438908329477854,0.0032795017496530065,0.00983850524895902,0.028422348496992725,0.009109727082369463,0.03607451924618307,0.024049679497455383,0.0,0.025142846747339718,0.001457556333179114
161,80,-44.83,-87.58,-39.88,cross_gh,11,0.051900382806506246,0.0,0.006355148915082398,0.0,0.0,0.0,0.0,0.0,0.0,0.9014951918162228,0.0,0.04024927646218852,0.0,0.0,0.0,0.0,0.0,0.0,0.0
162,82,-40.42,-84.48,-34.62,cross_gh,9,0.0,0.0,0.0,0.0,0.0,0.0,0.042094340502210434,0.0,0.0,0.0,0.6752722304115195,0.0,0.0,0.11425606707742832,0.16837736200884174,0.0,0.0,0.0,0.0
163,45,-34.36,-83.3,23.37,cross_k,56,0.0,0.06470014804922894,0.09273687887056148,0.0,0.0,0.0,0.0,0.0,0.0,0.09812855787466387,0.0,0.5869973882857553,0.0,0.0,0.07117016285415183,0.0,0.08626686406563858,0.0,0.0
164,38,1.48,-92.55,17.42,cross_f37,25,0.0,0.0,0.0,0.0,0.014862058906405443,0.00203989043813408,0.0,0.0,0.0,0.022438794819474882,0.0,0.014862058906405443,0.8924686326183606,0.0,0.0,0.006993910073602561,0.0087423875920032,0.028558466133877126,0.00903380051173664
165,224,-26.06,-65.75,-18.23,cross_bag_br,55,0.007716811635828759,0.021407929054234623,0.01145075274993945,0.005974305782577105,0.019914352608590348,0.0,0.0047296587445402076,0.006721094005399242,0.016180411494479657,0.02215471727705676,0.009459317489080415,0.0012446470380368968,0.006721094005399242,0.8369512380171665,0.008214670451043519,0.012944329195583726,0.0,0.005476446967362346,0.002738223483681173
166,236,-61.61,-80.81,-37.76,cross_bag_br,100,0.0,0.019155362704456943,0.0,0.0,0.02052360289763244,0.045608006439183196,0.0,0.0,0.0,0.0,0.0,0.005929040837093815,0.0,0.01641888231810595,0.8052538125046877,0.02508440354155076,0.00228040032195916,0.03603032508695473,0.02371616334837526
167,222,-2.83,-64.52,5.06,cross_bag_br,37,0.05278347534150301,0.04632019264662509,0.05009044088530388,0.0344708410393489,0.015619599845954972,0.023698703214552374,0.02746895145323116,0.022621489432072716,0.0,0.02746895145323116,0.0,0.0,0.03877969616926752,0.022082882540832894,0.03016198590943029,0.5071746945155586,0.03716387549554804,0.02854616523571081,0.03554805482182856
168,212,-15.76,-55.48,10.13,cross_ij2,13,0.020076287394019225,0.0,0.0,0.011582473496549554,0.0,0.0,0.012740720846204508,0.014671133095629434,0.02123453474367418,0.03011443109102884,0.0,0.0,0.0,0.0,0.02200669964344415,0.01969020494413424,0.8478835147453159,0.0,0.0
169,214,-18.93,-52.87,10.97,cross_ij2,12,0.0,0.0,0.0,0.06909693304303478,0.043022618687172595,0.0,0.0,0.0,0.0,0.007822294306758654,0.0,0.0,0.0,0.12515670890813846,0.003911147153379327,0.0,0.0,0.7509902979015162,0.0
170,98,-91.05,-164.64,23.89,cross_gh,118,0.02569291928359273,0.029669204410815418,0.005199757474060433,0.027528127803849355,0.0006117361734188745,0.01682274476901905,0.020799029896241734,0.0009176042601283118,0.005199757474060433,0.001223472346837749,0.008258438341154806,0.02141076606966061,0.012846459641796365,0.013152327728505803,0.01896382137598511,0.00030586808670943726,0.023857710763336107,0.0006117361734188745,0.7669285179274088
171,104,25.54,-38.26,-10.0,root_cross_right,53,0.8986662124127868,0.0,0.0,0.03644812122702136,0.0,0.0,0.02122802664870475,0.0,0.0,0.006007932070388136,0.0,0.0,0.0,0.0,0.03764970764109899,0.0,0.0,0.0,0.0
172,30,-1.19,-67.87,5.97,cross_f30,39,0.029621165740978547,0.6550005401933087,0.03746206255476699,0.01655300438466448,0.00827650219233224,0.02221587430573391,0.0,0.01350376673485787,0.0,0.01829542589883969,0.04051130020457361,0.02134466354864631,0.030492376498066152,0.00827650219233224,0.035719641040591776,0.0052272645425256265,0.008712107570876043,0.011325739842138858,0.03746206255476699
173,37,0.22,-86.62,21.8,cross_f37,14,0.0325896175814295,0.009082352440726254,0.5838145558043675,0.01923321693330266,0.013356400648126845,0.03152110552957935,0.013356400648126845,0.03739792181475517,0.04220622604808083,0.004808304233325665,0.025110033218478472,0.030452593477729207,0.04113771399623069,0.0005342560259250738,0.040603457970305616,0.005342560259250739,0.0224387530888531,0.04167197002215576,0.005342560259250739
174,60,-37.28,-82.68,-40.41,box,53,0.0,0.0,0.0,0.530119345556262,0.0,0.07370676932450793,0.19808694255961506,0.0,0.023033365413908727,0.0,0.0,0.0,0.17505357714570635,0.0,0.0,0.0,0.0,0.0,0.0
175,10,17.85,-73.94,0.96,cross_e_c,32,0.0,0.0,0.0,0.0,0.9783510763630683,0.0,0.0,0.0,0.0,0.0,0.0,0.0,0.0,0.0,0.0,0.0077800819320223355,0.008287478579762923,0.005581363125146458,0.0
176,14,-6.08,-68.58,6.56,cross_e_c,32,0.0006674242276783723,0.0,0.0025955386631936702,0.0033371211383918615,0.0,0.9795323236845299,0.0,0.0,0.0,0.0,0.002780934281993218,7.415824751981915e-05,0.0012977693315968351,0.0,0.002410143044394122,0.0005932659801585532,0.0013719275791166544,0.0022247474255945743,0.003114646395832404
177,55,11.55,-76.12,-43.23,box,51,0.0,0.0,0.0,0.0,0.0,0.0,0.7271857055085971,0.006863252691607621,0.0,0.0,0.0669167137431743,0.009436972450960479,0.060053461051566684,0.0,0.0,0.0,0.04975858201415525,0.07978531253993859,0.0
178,53,-18.3,-52.87,-15.22,cross_k,20,0.0,0.0,0.0,0.02379959619239605,0.0,0.0,0.0,0.9383551442885479,0.006632674348700539,0.014435820641289407,0.0,0.0,0.01677676452906607,0.0,0.0,0.0,0.0,0.0,0.0
179,80,-38.11,-78.73,-33.52,box,38,0.0,0.0,0.0,0.0,0.012070693054966634,0.0,0.0,0.008955675492394599,0.955221622538027,0.003893771953215043,0.007787543906430086,0.0003893771953215043,0.0019468859766075214,0.0,0.007203478113447829,0.0023362631719290256,0.00019468859766075215,0.0,0.0
180,80,-41.8,-86.98,-38.59,cross_gh,11,0.017050451365864847,0.0,0.029613941845975784,0.007179137417206251,0.0,0.0,0.08345747247502266,0.017947843543015627,0.08884182553792735,0.593481343750696,0.06640702110915782,0.030511334023126564,0.022434804428769533,0.0,0.043074824503237505,0.0,0.0,0.0,0.0
181,82,-39.6,-83.61,-36.41,cross_gh,9,0.0,0.033182979655225285,0.058506832550002476,0.0,0.0,0.0,0.0,0.05588712362985311,0.02969003442835946,0.0,0.6629307856074484,0.006112654147015183,0.03143650704179237,0.006112654147015183,0.0,0.07422508607089866,0.0,0.04191534272238983,0.0
182,45,-36.31,-85.68,23.08,cross_k,56,0.0,0.05514079115434064,0.08529591131687068,0.001723149723573145,0.0,0.05255606656898092,0.0,0.0,0.011200473203225442,0.07581858783721837,0.0,0.5218259517084523,0.06978756380471238,0.04738661739826149,0.016369922373944877,0.026708820715383746,0.00344629944714629,0.032739844747889754,0.0
183,38,2.37,-93.67,15.6,cross_f37,25,0.0,0.0,0.0,0.020393943150721523,0.0,0.0,0.0,0.0,0.11276650918634253,0.0,0.0,0.0,0.8068573619255197,0.0,0.0,0.0,0.0,0.05998218573741623,0.0
184,224,-26.36,-63.93,-19.29,cross_bag_br,55,0.0,0.0,0.0,0.0,0.0,0.0,0.0,0.0,0.0,0.0,0.04289787984679193,0.059169489443850934,0.0,0.8979326307093571,0.0,0.0,0.0,0.0,0.0
185,236,-61.13,-81.02,-37.79,cross_bag_br,100,0.0,0.0,0.0,0.0,0.0,0.0,0.0,0.0,0.0,0.0,0.0,0.0,0.0,0.40035834310049756,0.5996416568995024,0.0,0.0,0.0,0.0
186,222,-3.71,-63.35,6.58,cross_bag_br,37,0.0,0.0,0.053975181689783346,0.035249098246389124,0.01982761776359388,0.0,0.0,0.017624549123194562,0.0,0.0,0.07820893673417587,0.0,0.0,0.0330460296059898,0.0,0.6309860027331139,0.08481814265537381,0.0,0.046264441448385714
187,212,-15.71,-55.44,10.08,cross_ij2,13,0.0048399334863782765,0.003560410840554134,0.002058362517195359,0.00016689425815097505,0.001780205420277067,0.0018914682590443837,0.0021139939365790172,0.002725939549799259,0.0015020483233587755,0.0037829365180887674,0.004895564905761935,0.0037829365180887674,0.003393516582403159,0.0038385679374724263,0.0013351540652078004,0.005062459163912909,0.9490972512639526,0.002392151033497309,0.001780205420277067
188,214,-18.36,-51.93,10.74,cross_ij2,12,0.017189318923821972,0.018237448126494044,0.006917652737635672,0.018237448126494044,0.004192516810688287,0.01949520316970053,0.0,0.006079149375498015,0.01257755043206486,0.013625679634736931,0.007336904418704502,0.017608570604890805,0.008385033621376574,0.007965781940307743,0.01257755043206486,0.01781819644542522,0.007546530259238915,0.7951955537978772,0.009013911142979815
189,98,-89.25,-165.32,24.19,cross_gh,118,0.029339201577948407,0.005867840315589682,0.025101316905578083,0.02705726367744131,0.009779733859316136,0.015647574174905816,0.010105724987960007,0.02738325480608518,0.0,0.02770924593472905,0.010431716116603878,0.029339201577948407,0.006845813701521295,0.014017618531686461,0.0,0.013039645145754846,0.007497795958809037,0.014343609660330332,0.7264934430677921
